Class 1,Class 2,Number of Files,MMD Score
benign,gandcrab,1,1.2495262285847955
benign,gandcrab,2,0.9223943029051088
benign,gandcrab,3,0.9744398968079849
benign,gandcrab,4,0.9319060607952999
benign,gandcrab,5,0.9505740753641925
benign,gandcrab,6,0.9755148691569859
benign,gandcrab,7,0.9989849343134568
benign,gandcrab,8,0.9284289609539634
benign,gandcrab,9,0.9156692823994442
benign,gandcrab,10,0.9355569026208665
benign,gandcrab,11,0.9538361406707437
benign,gandcrab,12,0.9711470730675363
benign,gandcrab,13,0.9863668770292365
benign,gandcrab,14,1.0006509274644118
benign,gandcrab,15,1.0075848507286769
benign,gandcrab,16,0.9770056472011011
benign,gandcrab,17,0.940372738169712
benign,gandcrab,18,0.913499895043147
benign,gandcrab,19,0.8976436505820274
benign,gandcrab,20,0.9086758565883651
benign,gandcrab,21,0.9192793506148079
benign,gandcrab,22,0.9007675235492393
benign,gandcrab,23,0.885680097122436
benign,gandcrab,24,0.89494678289993
benign,gandcrab,25,0.882209311063217
benign,gandcrab,26,0.8733298715249534
benign,gandcrab,27,0.8811972581319077
benign,gandcrab,28,0.8887079087900739
benign,gandcrab,29,0.8808471698307078
benign,gandcrab,30,0.8709154493694308
benign,gandcrab,31,0.8771406894694833
benign,gandcrab,32,0.8823380592478405
benign,gandcrab,33,0.8754816228032406
benign,gandcrab,34,0.8701751777365174
benign,gandcrab,35,0.8758598027463603
benign,gandcrab,36,0.8811301209172147
benign,gandcrab,37,0.8755847352591708
benign,gandcrab,38,0.868038940721034
benign,gandcrab,39,0.872868820426885
benign,gandcrab,40,0.8686693978095701
benign,gandcrab,41,0.8734027968959572
benign,gandcrab,42,0.8693681485417427
benign,gandcrab,43,0.8641296236029863
benign,gandcrab,44,0.8683959818108051
benign,gandcrab,45,0.8715437172978726
benign,gandcrab,46,0.8657819257258809
benign,gandcrab,47,0.8697666874974624
benign,gandcrab,48,0.8646709488082361
benign,gandcrab,49,0.8686370717171236
benign,gandcrab,50,0.8652828727524267
benign,gandcrab,51,0.8684498726197911
benign,gandcrab,52,0.872210738547627
benign,gandcrab,53,0.8689546738092765
benign,gandcrab,54,0.8725121607450401
benign,gandcrab,55,0.8745519814163367
benign,gandcrab,56,0.8779698070141371
benign,gandcrab,57,0.8747279337068042
benign,gandcrab,58,0.8773966764756869
benign,gandcrab,59,0.8744643479335896
benign,gandcrab,60,0.8775160556946964
benign,gandcrab,61,0.8747604510473956
benign,gandcrab,62,0.8778443747811369
benign,gandcrab,63,0.8730660482240206
benign,gandcrab,64,0.870683535328088
benign,gandcrab,65,0.8680178633026766
benign,gandcrab,66,0.8707524902663696
benign,gandcrab,67,0.8727976437173876
benign,gandcrab,68,0.8754995908249598
benign,gandcrab,69,0.873347163356936
benign,gandcrab,70,0.8747507597399699
benign,gandcrab,71,0.8728368016623237
benign,gandcrab,72,0.8711158363161833
benign,gandcrab,73,0.8681095339197057
benign,gandcrab,74,0.864248539759709
benign,gandcrab,75,0.8665461699481919
benign,gandcrab,76,0.8629492858174996
benign,gandcrab,77,0.8597125639394032
benign,gandcrab,78,0.8615481321979948
benign,gandcrab,79,0.8599316587536379
benign,gandcrab,80,0.8592234180048979
benign,gandcrab,81,0.8614650566358345
benign,gandcrab,82,0.8594211320682698
benign,gandcrab,83,0.8616247990921989
benign,gandcrab,84,0.8638320390732863
benign,gandcrab,85,0.8655276842557845
benign,gandcrab,86,0.8673378223925193
benign,gandcrab,87,0.8668286288238883
benign,gandcrab,88,0.865169383730654
benign,gandcrab,89,0.8622318101511278
benign,gandcrab,90,0.860723191763627
benign,gandcrab,91,0.8578115044325376
benign,gandcrab,92,0.8560584340246359
benign,gandcrab,93,0.8529572822517161
benign,gandcrab,94,0.8548789988016141
benign,gandcrab,95,0.8536641483935105
benign,gandcrab,96,0.8513339817628647
benign,gandcrab,97,0.8526824891414281
benign,gandcrab,98,0.8545094130551344
benign,gandcrab,99,0.8563745583648015
benign,gandcrab,100,0.8582455538101101
benign,downloadguide,1,1.249470432179797
benign,downloadguide,2,0.9221354759840423
benign,downloadguide,3,0.973851206096465
benign,downloadguide,4,0.9314796866280801
benign,downloadguide,5,0.9494967916969413
benign,downloadguide,6,0.9748600046494356
benign,downloadguide,7,0.998570517643453
benign,downloadguide,8,0.9269176512280397
benign,downloadguide,9,0.9142277649085125
benign,downloadguide,10,0.933156014963075
benign,downloadguide,11,0.9518377015382207
benign,downloadguide,12,0.9682910388734016
benign,downloadguide,13,0.983722047894642
benign,downloadguide,14,0.9977857374789129
benign,downloadguide,15,1.0041670406489158
benign,downloadguide,16,0.9737261722690516
benign,downloadguide,17,0.937384543491886
benign,downloadguide,18,0.9098386199954226
benign,downloadguide,19,0.8941144433738777
benign,downloadguide,20,0.905308342175774
benign,downloadguide,21,0.9156263418411438
benign,downloadguide,22,0.8968698727512662
benign,downloadguide,23,0.8818604145386723
benign,downloadguide,24,0.8908210165355603
benign,downloadguide,25,0.8782789931148712
benign,downloadguide,26,0.8694988401051907
benign,downloadguide,27,0.8774680377453229
benign,downloadguide,28,0.8851258917121474
benign,downloadguide,29,0.8773756532874175
benign,downloadguide,30,0.8675144268528927
benign,downloadguide,31,0.8737941230972758
benign,downloadguide,32,0.8786939136994063
benign,downloadguide,33,0.8719223660744168
benign,downloadguide,34,0.8666597105143803
benign,downloadguide,35,0.8724767552216175
benign,downloadguide,36,0.8781839452683786
benign,downloadguide,37,0.8725184390072851
benign,downloadguide,38,0.8650732005283892
benign,firseria,1,1.248304933330311
benign,firseria,2,0.9208582088724162
benign,firseria,3,0.9708152384873655
benign,firseria,4,0.9289830420822274
benign,firseria,5,0.947905204343291
benign,firseria,6,0.9734806454143117
benign,firseria,7,0.9972296259719426
benign,firseria,8,0.9256722479077641
benign,firseria,9,0.9129647050325322
benign,firseria,10,0.9326555658073518
benign,firseria,11,0.9503761026472419
benign,firseria,12,0.9678997075813156
benign,firseria,13,0.9832190661532416
benign,firseria,14,0.9978535145883586
benign,firseria,15,1.004944862765173
benign,firseria,16,0.9733940585909461
benign,firseria,17,0.9361137284937259
benign,firseria,18,0.9093692227536132
benign,firseria,19,0.8931715798000801
benign,firseria,20,0.9043342734840835
benign,firseria,21,0.9150763280314853
benign,firseria,22,0.8967038215812687
benign,firseria,23,0.881681097535312
benign,firseria,24,0.8910186757256086
benign,firseria,25,0.8783849542479788
benign,firseria,26,0.8695970375556957
benign,firseria,27,0.8775629831107767
benign,firseria,28,0.840535055151733
benign,firseria,29,0.8340143119623864
benign,firseria,30,0.8250675416293335
benign,firseria,31,0.8329656441330501
benign,firseria,32,0.8394177287264168
benign,firseria,33,0.8337331901197701
benign,firseria,34,0.8296034352572688
benign,firseria,35,0.8363393100262052
benign,firseria,36,0.8430184788170931
benign,firseria,37,0.8385201576894526
benign,firseria,38,0.8319352283523106
benign,firseria,39,0.8378430474422057
benign,firseria,40,0.8344799611511956
benign,firseria,41,0.8400111213703345
benign,firseria,42,0.8366911169319654
benign,firseria,43,0.832142232768856
benign,firseria,44,0.8371139874191074
benign,firseria,45,0.8409023634311378
benign,firseria,46,0.8357061755619938
benign,firseria,47,0.8403126788038373
benign,emotet,1,1.224661825315065
benign,emotet,2,0.9057527169797267
benign,emotet,3,0.9557019025089454
benign,emotet,4,0.9045542376655029
benign,emotet,5,0.9150527999405368
benign,emotet,6,0.937318721243761
benign,emotet,7,0.9650507110795709
benign,emotet,8,0.8901647089323157
benign,emotet,9,0.8800483595495119
benign,emotet,10,0.8963197836527578
benign,emotet,11,0.9178175919085565
benign,emotet,12,0.938133066297663
benign,emotet,13,0.955203033976243
benign,emotet,14,0.9685814944296142
benign,emotet,15,0.9749289262530315
benign,emotet,16,0.9438776458054878
benign,emotet,17,0.9088018661972255
benign,emotet,18,0.880205069248506
benign,emotet,19,0.8652019441486539
benign,emotet,20,0.8755724253456827
benign,emotet,21,0.887325977310213
benign,emotet,22,0.8684079869386283
benign,emotet,23,0.8011378848647545
benign,emotet,24,0.8120603863432954
benign,emotet,25,0.8020150779705
benign,emotet,26,0.7958993384587512
benign,emotet,27,0.8063871655007426
benign,emotet,28,0.814288598866657
benign,emotet,29,0.8017962839517065
benign,emotet,30,0.7933610076097518
benign,emotet,31,0.801089602026266
benign,emotet,32,0.8080233018986798
benign,emotet,33,0.8025763690650829
benign,emotet,34,0.7950300186852983
benign,emotet,35,0.8025288952687619
benign,emotet,36,0.8077868617306697
benign,emotet,37,0.7981945025301864
benign,emotet,38,0.7924542110568701
benign,emotet,39,0.7988337038123445
benign,emotet,40,0.7957436362069813
benign,emotet,41,0.8013928973180132
benign,emotet,42,0.798404974401745
benign,emotet,43,0.7941369726002686
benign,emotet,44,0.799830405840283
benign,emotet,45,0.8035482772204339
benign,emotet,46,0.7980787820063499
benign,emotet,47,0.8021179592859987
benign,emotet,48,0.7981676871278288
benign,emotet,49,0.8033928251573036
benign,emotet,50,0.799008702434504
benign,emotet,51,0.8028858664494642
benign,emotet,52,0.8077218539657453
benign,emotet,53,0.805489297343303
benign,driverpack,1,1.246721339152923
benign,driverpack,2,0.9192333229498133
benign,driverpack,3,0.9712051613993226
benign,driverpack,4,0.9291053475530696
benign,driverpack,5,0.9477237712762212
benign,driverpack,6,0.9731297565618703
benign,driverpack,7,0.9967745893802171
benign,driverpack,8,0.9261354972756304
benign,driverpack,9,0.913243218851809
benign,driverpack,10,0.9324727520625649
benign,driverpack,11,0.9509773370904205
benign,driverpack,12,0.9682935452139998
benign,driverpack,13,0.9835622649144218
benign,driverpack,14,0.9980913941153222
benign,domaiq,1,1.2476669693511244
benign,domaiq,2,0.9128240595495396
benign,domaiq,3,0.9633048453830874
benign,domaiq,4,0.9235144315437465
benign,domaiq,5,0.9415857363371033
benign,domaiq,6,0.9660167707947569
benign,domaiq,7,0.9906509723697435
benign,domaiq,8,0.92038525280048
benign,domaiq,9,0.9063722010510913
benign,domaiq,10,0.9256477954893058
benign,domaiq,11,0.9448296899392297
benign,domaiq,12,0.9627316556109345
benign,domaiq,13,0.9771322972570882
benign,domaiq,14,0.9913883447118318
benign,hotbar,1,1.2484425259463596
benign,hotbar,2,0.921297570353125
benign,hotbar,3,0.9733822915429946
benign,hotbar,4,0.9311630904881425
benign,hotbar,5,0.9498261464652085
benign,hotbar,6,0.9752014016656397
benign,hotbar,7,0.9986970150931243
benign,hotbar,8,0.9280459433419483
benign,hotbar,9,0.9152356590894618
benign,hotbar,10,0.935061483516206
benign,hotbar,11,0.9535046265881445
benign,hotbar,12,0.9705923068042723
benign,hotbar,13,0.9858060437994347
benign,hotbar,14,1.0002950903707917
benign,hotbar,15,1.007274808346336
benign,hotbar,16,0.9766420586737534
benign,hotbar,17,0.940093419684577
benign,hotbar,18,0.9131967090109169
benign,hotbar,19,0.8973530764491332
benign,hotbar,20,0.9083727159582211
benign,hotbar,21,0.9189453600639141
benign,hotbar,22,0.9003968457637171
benign,hotbar,23,0.8852818012069776
benign,hotbar,24,0.8945401024483579
benign,hotbar,25,0.8818272212065765
benign,hotbar,26,0.8729206096658637
benign,hotbar,27,0.8807796657959694
benign,multiplug,1,1.2391432102473983
benign,multiplug,2,0.9115616250924516
benign,multiplug,3,0.9663442783399373
benign,multiplug,4,0.9253604631722883
benign,multiplug,5,0.9449489778056029
benign,multiplug,6,0.9710071066410738
benign,multiplug,7,0.9948036085397391
benign,multiplug,8,0.9244415929973345
benign,multiplug,9,0.9115037928820531
benign,multiplug,10,0.9312320306853259
benign,multiplug,11,0.9497461566897756
benign,multiplug,12,0.967326750153497
benign,multiplug,13,0.9825684924046636
benign,multiplug,14,0.99723164887005
benign,multiplug,15,1.004200331537981
benign,multiplug,16,0.9735801027900968
benign,multiplug,17,0.9370342881837169
benign,multiplug,18,0.9101865527688214
benign,multiplug,19,0.8939178335269327
benign,multiplug,20,0.9049741913200666
benign,multiplug,21,0.9148256693028579
benign,multiplug,22,0.896493112630111
benign,multiplug,23,0.8814204849683552
benign,multiplug,24,0.890698401674823
benign,multiplug,25,0.8779272360587854
benign,multiplug,26,0.8690803459881528
benign,multiplug,27,0.8769300010138891
benign,multiplug,28,0.8844646719892747
benign,multiplug,29,0.8767218282799012
benign,multiplug,30,0.8667513111708939
benign,multiplug,31,0.8732583237643478
benign,multiplug,32,0.8782590708121254
benign,multiplug,33,0.8714729910533845
benign,multiplug,34,0.8655807835120168
benign,multiplug,35,0.8713783180402375
benign,dlhelper,1,1.2493625156007258
benign,dlhelper,2,0.9156867961029906
benign,dlhelper,3,0.9698883744027023
benign,dlhelper,4,0.9286908339908806
benign,dlhelper,5,0.9470800944035781
benign,downloadadmin,1,1.2488689309157595
benign,downloadadmin,2,0.9217696970658714
benign,downloadadmin,3,0.9737885686967236
benign,downloadadmin,4,0.9314516017653501
benign,downloadadmin,5,0.9500772807559993
benign,downloadadmin,6,0.9754696490997696
benign,downloadadmin,7,0.8442721216803485
benign,downloadadmin,8,0.7901649840231957
benign,downloadadmin,9,0.7907442977395752
benign,downloadadmin,10,0.8216635868925278
benign,downloadadmin,11,0.849375664753022
benign,downloadadmin,12,0.8745558347403363
benign,downloadadmin,13,0.8965417827062826
benign,downloadadmin,14,0.916940964564974
benign,downloadadmin,15,0.9290806671566977
benign,downloadadmin,16,0.9023954974075026
benign,downloadadmin,17,0.869944411365379
benign,downloadadmin,18,0.8467150728839586
benign,downloadadmin,19,0.8341883136799292
benign,downloadadmin,20,0.794532354793147
benign,downloadadmin,21,0.8099742917087325
benign,downloadadmin,22,0.7959048079402589
benign,downloadadmin,23,0.7848955799397254
benign,downloadadmin,24,0.756280793798263
benign,downloadadmin,25,0.7483501606865134
benign,downloadadmin,26,0.7439217091658223
benign,downloadadmin,27,0.7559568667983224
benign,downloadadmin,28,0.7674093223776572
benign,downloadadmin,29,0.7632389426088543
benign,downloadadmin,30,0.7567794630681097
benign,downloadadmin,31,0.7665204028547722
benign,downloadadmin,32,0.7747963202809173
benign,downloadadmin,33,0.7406647096483459
benign,downloadadmin,34,0.7387707486207205
benign,downloadadmin,35,0.7477353462917872
benign,downloadadmin,36,0.7564573097009344
benign,downloadadmin,37,0.753987587708507
benign,downloadadmin,38,0.7492676229106289
benign,downloadadmin,39,0.756974453945734
benign,downloadadmin,40,0.755270258534767
benign,downloadadmin,41,0.7624569049383091
benign,downloadadmin,42,0.7371380486847999
benign,downloadadmin,43,0.7345691318629335
benign,downloadadmin,44,0.7413913865580499
benign,downloadadmin,45,0.7257685615723053
benign,downloadadmin,46,0.7227016026951614
benign,downloadadmin,47,0.7292955797209594
benign,downloadadmin,48,0.7267132809346051
benign,downloadadmin,49,0.7331037763043772
benign,downloadadmin,50,0.7320926974285449
benign,downloadadmin,51,0.7375112509227315
benign,downloadadmin,52,0.7434512762384435
benign,downloadadmin,53,0.742340641829367
benign,downloadadmin,54,0.7479836322099018
benign,downloadadmin,55,0.7523765093855537
benign,downloadadmin,56,0.7575702384002526
benign,downloadadmin,57,0.7561792060096887
benign,downloadadmin,58,0.7606428882711369
benign,downloadadmin,59,0.7594931572471926
benign,downloadadmin,60,0.7642391673616434
benign,downloadadmin,61,0.7631253307947498
benign,downloadadmin,62,0.7678180311810736
benign,downloadadmin,63,0.764592455795561
benign,downloadadmin,64,0.7637333740528608
benign,downloadadmin,65,0.7626393393009608
benign,downloadadmin,66,0.766798363835844
benign,downloadadmin,67,0.7702408420390402
benign,downloadadmin,68,0.7742977760808196
benign,downloadadmin,69,0.7734556892710939
benign,downloadadmin,70,0.7761406401399611
benign,downloadadmin,71,0.775478855542535
benign,downloadadmin,72,0.7750209777672353
benign,downloadadmin,73,0.7732046781012919
benign,downloadadmin,74,0.7705155091813781
benign,downloadadmin,75,0.7739711859311451
benign,downloadadmin,76,0.7714797825223356
benign,downloadadmin,77,0.7556842365408946
benign,downloadadmin,78,0.7587149461657413
benign,downloadadmin,79,0.7582649728043152
benign,downloadadmin,80,0.7458541227022146
benign,downloadadmin,81,0.7493634547186445
benign,downloadadmin,82,0.7363163734041623
benign,downloadadmin,83,0.7398150610274806
benign,downloadadmin,84,0.7432971528417353
benign,downloadadmin,85,0.7461013196819828
benign,downloadadmin,86,0.7491388142719295
benign,downloadadmin,87,0.7498122431742548
benign,downloadadmin,88,0.7493338092025646
benign,downloadadmin,89,0.747543449906874
benign,downloadadmin,90,0.7471691567848211
benign,downloadadmin,91,0.7453553505235139
benign,downloadadmin,92,0.7333465861205117
benign,downloadadmin,93,0.731992710720128
benign,downloadadmin,94,0.7350670596891987
benign,downloadadmin,95,0.7349777003999279
benign,downloadadmin,96,0.7337443157850866
benign,downloadadmin,97,0.7361625259826571
benign,downloadadmin,98,0.7390613543300601
benign,downloadadmin,99,0.7419665242446761
benign,downloadadmin,100,0.7448498959834282
benign,gamarue,1,1.210065706111661
benign,gamarue,2,0.8881811092141045
benign,gamarue,3,0.6528446111365626
benign,gamarue,4,0.5257115402913672
benign,gamarue,5,0.5856349826271909
benign,gamarue,6,0.6353217033342882
benign,gamarue,7,0.6044012050883868
benign,gamarue,8,0.5575714137084435
benign,gamarue,9,0.5656540541090695
benign,gamarue,10,0.5558717193399586
benign,gamarue,11,0.5955679199197708
benign,gamarue,12,0.6324922054756362
benign,gamarue,13,0.6651491229480322
benign,gamarue,14,0.6555084506946294
benign,gamarue,15,0.6754003902642296
benign,gamarue,16,0.6277337788884121
benign,gamarue,17,0.6029222714084763
benign,gamarue,18,0.5618007480394197
benign,gamarue,19,0.5448773744041359
benign,gamarue,20,0.5658390561019533
benign,gamarue,21,0.5860257484124828
benign,gamarue,22,0.575657400333109
benign,gamarue,23,0.5680303367332427
benign,gamarue,24,0.5558704527213125
benign,gamarue,25,0.5513089664306685
benign,gamarue,26,0.5277821830422222
benign,gamarue,27,0.5437276582494093
benign,gamarue,28,0.5412872185064587
benign,gamarue,29,0.5255016252395658
benign,gamarue,30,0.5218208035497346
benign,gamarue,31,0.5339004881659072
benign,gamarue,32,0.5446935858227255
benign,gamarue,33,0.543703120505038
benign,gamarue,34,0.5439063632346697
benign,gamarue,35,0.5549913142893533
benign,gamarue,36,0.5655583748816315
benign,gamarue,37,0.5472884822731723
benign,gamarue,38,0.5448773945818629
benign,gamarue,39,0.5405515701351203
benign,gamarue,40,0.5418071922660127
benign,darkkomet,1,1.08759342558241
benign,darkkomet,2,0.5839538455899896
benign,darkkomet,3,0.6296990483921203
benign,darkkomet,4,0.5880003227990458
benign,darkkomet,5,0.6327764066927983
benign,darkkomet,6,0.644542426391483
benign,darkkomet,7,0.658199780862236
benign,darkkomet,8,0.5875818827488811
benign,darkkomet,9,0.5722139895459465
benign,darkkomet,10,0.6018059155729054
benign,darkkomet,11,0.5955831599299428
benign,darkkomet,12,0.6245305503444013
benign,darkkomet,13,0.6500604260810556
benign,darkkomet,14,0.6744375221240146
benign,darkkomet,15,0.6923838622028005
benign,darkkomet,16,0.6732336009527644
benign,darkkomet,17,0.6477450722751782
benign,darkkomet,18,0.6052245049424713
benign,darkkomet,19,0.5951395412112213
benign,darkkomet,20,0.6086907648077649
benign,delf,1,1.18521778707538
benign,delf,2,0.8825619596803611
benign,delf,3,0.947555152833321
benign,delf,4,0.9106672277052634
benign,delf,5,0.9323766236871683
benign,delf,6,0.9571316974000588
benign,delf,7,0.9828489369635212
benign,delf,8,0.9112095647276989
benign,delf,9,0.8934873569219418
benign,delf,10,0.9155297464668216
benign,delf,11,0.9353968467416568
benign,delf,12,0.9518381365067138
benign,delf,13,0.9674127570830332
benign,delf,14,0.9827665598903125
benign,delf,15,0.9907762191064386
benign,delf,16,0.9605599377009126
benign,delf,17,0.9249756010554447
benign,delf,18,0.8985118019313493
benign,delf,19,0.882820386681737
benign,delf,20,0.8942092256123175
benign,gamehack,1,1.2070736175130155
benign,gamehack,2,0.6047736642325927
benign,gamehack,3,0.6936829105621605
benign,gamehack,4,0.693640468170315
benign,gamehack,5,0.7406097842260978
benign,gamehack,6,0.7883481025898972
benign,gamehack,7,0.8262819418182904
benign,gamehack,8,0.7696385732834934
benign,gamehack,9,0.7614684673553365
benign,gamehack,10,0.7930415316402516
benign,gamehack,11,0.8180592331711648
benign,gamehack,12,0.8450902563131177
benign,fareit,1,1.2472824801401243
benign,fareit,2,0.9196280260451378
benign,fareit,3,0.9715941332296123
benign,fareit,4,0.9279056178716228
benign,fareit,5,0.9455212034840137
benign,fareit,6,0.9687389973186822
benign,fareit,7,0.9923519681194066
benign,fareit,8,0.9167345485832716
benign,fareit,9,0.9046138084077897
benign,fareit,10,0.9254214024822766
benign,fareit,11,0.9444261584577315
benign,fareit,12,0.9621729452148919
benign,fareit,13,0.977465133882831
benign,fareit,14,0.9920106355077903
benign,fareit,15,0.9208084054443032
benign,fareit,16,0.895251860442385
benign,fareit,17,0.8632226872110416
benign,fareit,18,0.8400398572328435
benign,fareit,19,0.8276254620330052
benign,fareit,20,0.8419531745377464
benign,fareit,21,0.8553940548874828
gandcrab,benign,1,1.2495262285847955
gandcrab,benign,2,0.9223943029051088
gandcrab,benign,3,0.9744398968079849
gandcrab,benign,4,0.9319060607952998
gandcrab,benign,5,0.9505740753641925
gandcrab,benign,6,0.975514869156986
gandcrab,benign,7,0.9989849343134568
gandcrab,benign,8,0.9284289609539633
gandcrab,benign,9,0.9156692823994442
gandcrab,benign,10,0.9355569026208664
gandcrab,benign,11,0.9538361406707436
gandcrab,benign,12,0.9711470730675363
gandcrab,benign,13,0.9863668770292365
gandcrab,benign,14,1.0006509274644118
gandcrab,benign,15,1.0075848507286769
gandcrab,benign,16,0.9770056472011011
gandcrab,benign,17,0.940372738169712
gandcrab,benign,18,0.913499895043147
gandcrab,benign,19,0.8976436505820274
gandcrab,benign,20,0.9086758565883652
gandcrab,benign,21,0.9192793506148079
gandcrab,benign,22,0.9007675235492394
gandcrab,benign,23,0.8856800971224359
gandcrab,benign,24,0.89494678289993
gandcrab,benign,25,0.8822093110632171
gandcrab,benign,26,0.8733298715249532
gandcrab,benign,27,0.8811972581319077
gandcrab,benign,28,0.8887079087900738
gandcrab,benign,29,0.8808471698307078
gandcrab,benign,30,0.8709154493694309
gandcrab,benign,31,0.8771406894694832
gandcrab,benign,32,0.8823380592478405
gandcrab,benign,33,0.8754816228032406
gandcrab,benign,34,0.8701751777365174
gandcrab,benign,35,0.8758598027463603
gandcrab,benign,36,0.8811301209172144
gandcrab,benign,37,0.8755847352591708
gandcrab,benign,38,0.868038940721034
gandcrab,benign,39,0.8728688204268852
gandcrab,benign,40,0.8686693978095702
gandcrab,benign,41,0.8734027968959572
gandcrab,benign,42,0.8693681485417427
gandcrab,benign,43,0.8641296236029863
gandcrab,benign,44,0.8683959818108052
gandcrab,benign,45,0.8715437172978727
gandcrab,benign,46,0.8657819257258809
gandcrab,benign,47,0.8697666874974624
gandcrab,benign,48,0.8646709488082361
gandcrab,benign,49,0.8686370717171236
gandcrab,benign,50,0.8652828727524267
gandcrab,benign,51,0.8684498726197911
gandcrab,benign,52,0.872210738547627
gandcrab,benign,53,0.8689546738092765
gandcrab,benign,54,0.8725121607450401
gandcrab,benign,55,0.8745519814163365
gandcrab,benign,56,0.8779698070141371
gandcrab,benign,57,0.8747279337068045
gandcrab,benign,58,0.8773966764756869
gandcrab,benign,59,0.8744643479335895
gandcrab,benign,60,0.8775160556946964
gandcrab,benign,61,0.8747604510473956
gandcrab,benign,62,0.8778443747811369
gandcrab,benign,63,0.8730660482240206
gandcrab,benign,64,0.870683535328088
gandcrab,benign,65,0.8680178633026765
gandcrab,benign,66,0.8707524902663696
gandcrab,benign,67,0.8727976437173876
gandcrab,benign,68,0.8754995908249597
gandcrab,benign,69,0.873347163356936
gandcrab,benign,70,0.8747507597399699
gandcrab,benign,71,0.8728368016623237
gandcrab,benign,72,0.8711158363161833
gandcrab,benign,73,0.8681095339197057
gandcrab,benign,74,0.864248539759709
gandcrab,benign,75,0.8665461699481919
gandcrab,benign,76,0.8629492858174994
gandcrab,benign,77,0.8597125639394032
gandcrab,benign,78,0.8615481321979948
gandcrab,benign,79,0.8599316587536376
gandcrab,benign,80,0.8592234180048981
gandcrab,benign,81,0.8614650566358345
gandcrab,benign,82,0.8594211320682698
gandcrab,benign,83,0.8616247990921989
gandcrab,benign,84,0.8638320390732862
gandcrab,benign,85,0.8655276842557845
gandcrab,benign,86,0.8673378223925193
gandcrab,benign,87,0.8668286288238882
gandcrab,benign,88,0.865169383730654
gandcrab,benign,89,0.8622318101511278
gandcrab,benign,90,0.8607231917636271
gandcrab,benign,91,0.8578115044325376
gandcrab,benign,92,0.8560584340246359
gandcrab,benign,93,0.852957282251716
gandcrab,benign,94,0.854878998801614
gandcrab,benign,95,0.8536641483935105
gandcrab,benign,96,0.8513339817628648
gandcrab,benign,97,0.8526824891414282
gandcrab,benign,98,0.8545094130551344
gandcrab,benign,99,0.8563745583648015
gandcrab,benign,100,0.8582455538101103
gandcrab,downloadguide,1,1.263770061340777
gandcrab,downloadguide,2,1.2634636332381985
gandcrab,downloadguide,3,1.2632013245923668
gandcrab,downloadguide,4,1.2630226161016878
gandcrab,downloadguide,5,1.2625103707411491
gandcrab,downloadguide,6,1.2620393809853179
gandcrab,downloadguide,7,1.2621403862961715
gandcrab,downloadguide,8,1.2612631545009276
gandcrab,downloadguide,9,1.2614814747509309
gandcrab,downloadguide,10,1.2607067628568651
gandcrab,downloadguide,11,1.2608226926048085
gandcrab,downloadguide,12,1.2600976835337716
gandcrab,downloadguide,13,1.2603654798742723
gandcrab,downloadguide,14,1.2597747092318683
gandcrab,downloadguide,15,1.259243789052895
gandcrab,downloadguide,16,1.2594425216876823
gandcrab,downloadguide,17,1.259580776593558
gandcrab,downloadguide,18,1.259053681805131
gandcrab,downloadguide,19,1.2591818954750575
gandcrab,downloadguide,20,1.259375129257745
gandcrab,downloadguide,21,1.2591531085442145
gandcrab,downloadguide,22,1.2589716108563755
gandcrab,downloadguide,23,1.2591448791336308
gandcrab,downloadguide,24,1.25890148384911
gandcrab,downloadguide,25,1.2590443924699763
gandcrab,downloadguide,26,1.259186363599936
gandcrab,downloadguide,27,1.2593119181239838
gandcrab,downloadguide,28,1.2594258678005228
gandcrab,downloadguide,29,1.2595434827812837
gandcrab,downloadguide,30,1.2596284696182436
gandcrab,downloadguide,31,1.2592421777989589
gandcrab,downloadguide,32,1.2590173121755597
gandcrab,downloadguide,33,1.2591534808804123
gandcrab,downloadguide,34,1.2592372640921394
gandcrab,downloadguide,35,1.2593400862485602
gandcrab,downloadguide,36,1.259117031464247
gandcrab,downloadguide,37,1.2588192336343718
gandcrab,downloadguide,38,1.2589242823449798
gandcrab,firseria,1,1.2625788030949059
gandcrab,firseria,2,1.2622309291394835
gandcrab,firseria,3,1.2601185428958965
gandcrab,firseria,4,1.260435878963907
gandcrab,firseria,5,1.2607695229149527
gandcrab,firseria,6,1.2605219735086055
gandcrab,firseria,7,1.2606831704551102
gandcrab,firseria,8,1.259888964104917
gandcrab,firseria,9,1.2601402518259368
gandcrab,firseria,10,1.2600593939125435
gandcrab,firseria,11,1.259257119538547
gandcrab,firseria,12,1.2595230989479442
gandcrab,firseria,13,1.2597006182351977
gandcrab,firseria,14,1.259652288609407
gandcrab,firseria,15,1.2597883965796517
gandcrab,firseria,16,1.2589144521877003
gandcrab,firseria,17,1.258150809417626
gandcrab,firseria,18,1.25838461063704
gandcrab,firseria,19,1.2580500636152867
gandcrab,firseria,20,1.2582227977900475
gandcrab,firseria,21,1.258399135000973
gandcrab,firseria,22,1.2585810483305466
gandcrab,firseria,23,1.2587534425774365
gandcrab,firseria,24,1.2588633672046812
gandcrab,firseria,25,1.2589287433519996
gandcrab,firseria,26,1.2590621429434632
gandcrab,firseria,27,1.2591914353237317
gandcrab,firseria,28,1.215576454357738
gandcrab,firseria,29,1.2168901117404023
gandcrab,firseria,30,1.2178561957184062
gandcrab,firseria,31,1.2190218938559396
gandcrab,firseria,32,1.2203159873159117
gandcrab,firseria,33,1.2215546229240444
gandcrab,firseria,34,1.2227294739297663
gandcrab,firseria,35,1.2237247136396165
gandcrab,firseria,36,1.2244383384309456
gandcrab,firseria,37,1.2253113875188182
gandcrab,firseria,38,1.2262492070921307
gandcrab,firseria,39,1.2269629049076989
gandcrab,firseria,40,1.2278271172112256
gandcrab,firseria,41,1.2286472283117684
gandcrab,firseria,42,1.2294074096011824
gandcrab,firseria,43,1.2301389087338523
gandcrab,firseria,44,1.2308610718899613
gandcrab,firseria,45,1.2315511696915658
gandcrab,firseria,46,1.2321121821211531
gandcrab,firseria,47,1.2327105478004068
gandcrab,emotet,1,1.2397134833346217
gandcrab,emotet,2,1.2486601102128922
gandcrab,emotet,3,1.2462556271663086
gandcrab,emotet,4,1.2374123425485255
gandcrab,emotet,5,1.2294769310454834
gandcrab,emotet,6,1.2258528295478077
gandcrab,emotet,7,1.2297562381815599
gandcrab,emotet,8,1.2270813310658442
gandcrab,emotet,9,1.230624293812515
gandcrab,emotet,10,1.2271503214779185
gandcrab,emotet,11,1.2295915480775332
gandcrab,emotet,12,1.2322119847151558
gandcrab,emotet,13,1.2338779359413778
gandcrab,emotet,14,1.2325329161006147
gandcrab,emotet,15,1.2320840278717204
gandcrab,emotet,16,1.2316195430566066
gandcrab,emotet,17,1.232897678427789
gandcrab,emotet,18,1.231627719571373
gandcrab,emotet,19,1.2326383811045778
gandcrab,emotet,20,1.2319609221394883
gandcrab,emotet,21,1.232968556599686
gandcrab,emotet,22,1.232606336200325
gandcrab,emotet,23,1.182575105438307
gandcrab,emotet,24,1.1841058424258817
gandcrab,emotet,25,1.1868357338171993
gandcrab,emotet,26,1.1894513968606129
gandcrab,emotet,27,1.191854982003644
gandcrab,emotet,28,1.192203024819397
gandcrab,emotet,29,1.187833028459286
gandcrab,emotet,30,1.1892257141344413
gandcrab,emotet,31,1.1901639362017895
gandcrab,emotet,32,1.19191864121757
gandcrab,emotet,33,1.1934513742707353
gandcrab,emotet,34,1.1914243564657205
gandcrab,emotet,35,1.1930378888281963
gandcrab,emotet,36,1.1923558567516341
gandcrab,emotet,37,1.1885736938672253
gandcrab,emotet,38,1.190229222864628
gandcrab,emotet,39,1.1913087472204762
gandcrab,emotet,40,1.1923518717833486
gandcrab,emotet,41,1.1932298257777845
gandcrab,emotet,42,1.1943223481974496
gandcrab,emotet,43,1.1954314880250831
gandcrab,emotet,44,1.1967506338127485
gandcrab,emotet,45,1.1974111162125576
gandcrab,emotet,46,1.1976968531841057
gandcrab,emotet,47,1.197742361617263
gandcrab,emotet,48,1.1987957364876771
gandcrab,emotet,49,1.199935716679335
gandcrab,emotet,50,1.1989565994435099
gandcrab,emotet,51,1.1996879642009752
gandcrab,emotet,52,1.2006863120480988
gandcrab,emotet,53,1.2015632228759463
gandcrab,driverpack,1,1.261075034743202
gandcrab,driverpack,2,1.2609883275393883
gandcrab,driverpack,3,1.2608247786643592
gandcrab,driverpack,4,1.26082284224823
gandcrab,driverpack,5,1.2608241211613231
gandcrab,driverpack,6,1.2603839726391513
gandcrab,driverpack,7,1.2604219516338446
gandcrab,driverpack,8,1.2605403875958134
gandcrab,driverpack,9,1.2605918330511472
gandcrab,driverpack,10,1.2600791516940073
gandcrab,driverpack,11,1.2600340033049742
gandcrab,driverpack,12,1.260097687604357
gandcrab,driverpack,13,1.260218212802243
gandcrab,driverpack,14,1.260063201494968
gandcrab,domaiq,1,1.262001635108613
gandcrab,domaiq,2,1.2549827155772992
gandcrab,domaiq,3,1.2532993580318827
gandcrab,domaiq,4,1.2554107372896048
gandcrab,domaiq,5,1.2548629714181843
gandcrab,domaiq,6,1.2534562360118893
gandcrab,domaiq,7,1.2544424598778452
gandcrab,domaiq,8,1.2551382755472769
gandcrab,domaiq,9,1.2543503074409554
gandcrab,domaiq,10,1.2538231841510892
gandcrab,domaiq,11,1.2543523127793121
gandcrab,domaiq,12,1.2549210455258533
gandcrab,domaiq,13,1.2542139919003878
gandcrab,domaiq,14,1.2537745957959077
gandcrab,hotbar,1,1.2627616685301177
gandcrab,hotbar,2,1.262681216662883
gandcrab,hotbar,3,1.2627382542315024
gandcrab,hotbar,4,1.262683200806875
gandcrab,hotbar,5,1.2627611577234918
gandcrab,hotbar,6,1.2623144957319812
gandcrab,hotbar,7,1.262222417131101
gandcrab,hotbar,8,1.2622682194848234
gandcrab,hotbar,9,1.2623449393845536
gandcrab,hotbar,10,1.2623962592652633
gandcrab,hotbar,11,1.262314229217491
gandcrab,hotbar,12,1.2621858268890462
gandcrab,hotbar,13,1.2622669594747227
gandcrab,hotbar,14,1.262087648219334
gandcrab,hotbar,15,1.2621033514582392
gandcrab,hotbar,16,1.2621236871190806
gandcrab,hotbar,17,1.2620832185482191
gandcrab,hotbar,18,1.262139507826893
gandcrab,hotbar,19,1.2621264873994107
gandcrab,hotbar,20,1.2621729192939544
gandcrab,hotbar,21,1.2621970622253165
gandcrab,hotbar,22,1.2622191526410438
gandcrab,hotbar,23,1.2622534559553673
gandcrab,hotbar,24,1.2622946065265734
gandcrab,hotbar,25,1.2622672981074974
gandcrab,hotbar,26,1.2622892719038736
gandcrab,hotbar,27,1.2623240139737821
gandcrab,multiplug,1,1.2535198116053068
gandcrab,multiplug,2,1.2537167338391577
gandcrab,multiplug,3,1.256063090470124
gandcrab,multiplug,4,1.2571022856332368
gandcrab,multiplug,5,1.2580416650487274
gandcrab,multiplug,6,1.2582359123150604
gandcrab,multiplug,7,1.25843109497478
gandcrab,multiplug,8,1.2588961069137596
gandcrab,multiplug,9,1.258960876684751
gandcrab,multiplug,10,1.2588889566549453
gandcrab,multiplug,11,1.2588533588415927
gandcrab,multiplug,12,1.2591629493921013
gandcrab,multiplug,13,1.2592559747063476
gandcrab,multiplug,14,1.2592245024789286
gandcrab,multiplug,15,1.2592407342834027
gandcrab,multiplug,16,1.2592830494915819
gandcrab,multiplug,17,1.2592329877229043
gandcrab,multiplug,18,1.2593535293571168
gandcrab,multiplug,19,1.2589613913319286
gandcrab,multiplug,20,1.2590281155942518
gandcrab,multiplug,21,1.258357335549933
gandcrab,multiplug,22,1.2585684596266504
gandcrab,multiplug,23,1.2587438796052726
gandcrab,multiplug,24,1.2587901189709862
gandcrab,multiplug,25,1.2587203003232483
gandcrab,multiplug,26,1.258790876159174
gandcrab,multiplug,27,1.258807491302469
gandcrab,multiplug,28,1.2588068123103078
gandcrab,multiplug,29,1.258926946077049
gandcrab,multiplug,30,1.2589075383724648
gandcrab,multiplug,31,1.2587305178941042
gandcrab,multiplug,32,1.2585977200879461
gandcrab,multiplug,33,1.2587177693335345
gandcrab,multiplug,34,1.2582094898661167
gandcrab,multiplug,35,1.2582956142542865
gandcrab,dlhelper,1,1.2636643848571176
gandcrab,dlhelper,2,1.2575877093673409
gandcrab,dlhelper,3,1.2594666644842496
gandcrab,dlhelper,4,1.2603340672533663
gandcrab,dlhelper,5,1.2601308498299086
gandcrab,downloadadmin,1,1.2631804394941049
gandcrab,downloadadmin,2,1.2631097834593952
gandcrab,downloadadmin,3,1.263118739913704
gandcrab,downloadadmin,4,1.2629576064252244
gandcrab,downloadadmin,5,1.2630031304564944
gandcrab,downloadadmin,6,1.2625748864659512
gandcrab,downloadadmin,7,1.1078213751413246
gandcrab,downloadadmin,8,1.124428110802074
gandcrab,downloadadmin,9,1.1379026446365217
gandcrab,downloadadmin,10,1.1490353274482281
gandcrab,downloadadmin,11,1.1582168665696049
gandcrab,downloadadmin,12,1.1661602870230219
gandcrab,downloadadmin,13,1.1730119831795571
gandcrab,downloadadmin,14,1.1787403323080992
gandcrab,downloadadmin,15,1.1839156807925169
gandcrab,downloadadmin,16,1.1879284291221186
gandcrab,downloadadmin,17,1.1919814009478849
gandcrab,downloadadmin,18,1.19570683164845
gandcrab,downloadadmin,19,1.1990120355591678
gandcrab,downloadadmin,20,1.1483953155533708
gandcrab,downloadadmin,21,1.1532817955953445
gandcrab,downloadadmin,22,1.1577776677375349
gandcrab,downloadadmin,23,1.1619251050751886
gandcrab,downloadadmin,24,1.124105007369466
gandcrab,downloadadmin,25,1.1288602712278406
gandcrab,downloadadmin,26,1.1333557604010913
gandcrab,downloadadmin,27,1.1375625674723568
gandcrab,downloadadmin,28,1.1414860506586713
gandcrab,downloadadmin,29,1.1451861114773147
gandcrab,downloadadmin,30,1.148683291876631
gandcrab,downloadadmin,31,1.1517478938361605
gandcrab,downloadadmin,32,1.154875139282132
gandcrab,downloadadmin,33,1.1276649079371746
gandcrab,downloadadmin,34,1.1311173177298879
gandcrab,downloadadmin,35,1.1343819484670328
gandcrab,downloadadmin,36,1.1371853010738888
gandcrab,downloadadmin,37,1.1400538203381805
gandcrab,downloadadmin,38,1.1428974344075027
gandcrab,downloadadmin,39,1.1454479622036087
gandcrab,downloadadmin,40,1.1480100628906174
gandcrab,downloadadmin,41,1.1505167553067426
gandcrab,downloadadmin,42,1.1292841188279354
gandcrab,downloadadmin,43,1.1319751964768643
gandcrab,downloadadmin,44,1.134577488706015
gandcrab,downloadadmin,45,1.1158677915219144
gandcrab,downloadadmin,46,1.1185782495932814
gandcrab,downloadadmin,47,1.1211853181316895
gandcrab,downloadadmin,48,1.1237070059832188
gandcrab,downloadadmin,49,1.1261450516149867
gandcrab,downloadadmin,50,1.1284992869755976
gandcrab,downloadadmin,51,1.1307929722121828
gandcrab,downloadadmin,52,1.1330083899892025
gandcrab,downloadadmin,53,1.1351149099232667
gandcrab,downloadadmin,54,1.13715268251707
gandcrab,downloadadmin,55,1.1388088264526728
gandcrab,downloadadmin,56,1.1406462607631738
gandcrab,downloadadmin,57,1.1425468524737603
gandcrab,downloadadmin,58,1.1443897036898139
gandcrab,downloadadmin,59,1.1461440788625312
gandcrab,downloadadmin,60,1.1478798175636924
gandcrab,downloadadmin,61,1.1495648896518817
gandcrab,downloadadmin,62,1.1511922649077109
gandcrab,downloadadmin,63,1.15278327485766
gandcrab,downloadadmin,64,1.1543172087986655
gandcrab,downloadadmin,65,1.1557260760892334
gandcrab,downloadadmin,66,1.1571927926989531
gandcrab,downloadadmin,67,1.1586074043563492
gandcrab,downloadadmin,68,1.1599982720655349
gandcrab,downloadadmin,69,1.1613474217526574
gandcrab,downloadadmin,70,1.162666720667907
gandcrab,downloadadmin,71,1.1639514269334015
gandcrab,downloadadmin,72,1.1651628575907507
gandcrab,downloadadmin,73,1.1663836167452635
gandcrab,downloadadmin,74,1.1675661178647052
gandcrab,downloadadmin,75,1.168704492357956
gandcrab,downloadadmin,76,1.1698417306751774
gandcrab,downloadadmin,77,1.1573209739633783
gandcrab,downloadadmin,78,1.1585441629915683
gandcrab,downloadadmin,79,1.159742289220325
gandcrab,downloadadmin,80,1.1480799303884257
gandcrab,downloadadmin,81,1.1493188939288865
gandcrab,downloadadmin,82,1.1383475438030064
gandcrab,downloadadmin,83,1.1396708871161332
gandcrab,downloadadmin,84,1.140952916240059
gandcrab,downloadadmin,85,1.1420843501140177
gandcrab,downloadadmin,86,1.143321369778009
gandcrab,downloadadmin,87,1.1445175459931032
gandcrab,downloadadmin,88,1.1457066168324692
gandcrab,downloadadmin,89,1.1468799859327596
gandcrab,downloadadmin,90,1.1480216802886436
gandcrab,downloadadmin,91,1.1491492735202287
gandcrab,downloadadmin,92,1.1390745474330222
gandcrab,downloadadmin,93,1.1397078460437844
gandcrab,downloadadmin,94,1.1408513058999685
gandcrab,downloadadmin,95,1.1419793349921696
gandcrab,downloadadmin,96,1.1430948901748634
gandcrab,downloadadmin,97,1.1441939137745942
gandcrab,downloadadmin,98,1.14525619349474
gandcrab,downloadadmin,99,1.1463113654740082
gandcrab,downloadadmin,100,1.1473502042391504
gandcrab,gamarue,1,1.2269395439742807
gandcrab,gamarue,2,1.233306553432997
gandcrab,gamarue,3,0.9520383472788871
gandcrab,gamarue,4,0.862889381648405
gandcrab,gamarue,5,0.9030759515551391
gandcrab,gamarue,6,0.9266199386763505
gandcrab,gamarue,7,0.8718698160493781
gandcrab,gamarue,8,0.9004403379015673
gandcrab,gamarue,9,0.9249648275587354
gandcrab,gamarue,10,0.8931183191575724
gandcrab,gamarue,11,0.9127162946325265
gandcrab,gamarue,12,0.9311689793134144
gandcrab,gamarue,13,0.9478938580781676
gandcrab,gamarue,14,0.9227017310401278
gandcrab,gamarue,15,0.9358826182797142
gandcrab,gamarue,16,0.9182061167819924
gandcrab,gamarue,17,0.9294105207137584
gandcrab,gamarue,18,0.9157222894848753
gandcrab,gamarue,19,0.9160914594846347
gandcrab,gamarue,20,0.9255322148330041
gandcrab,gamarue,21,0.9347004904013203
gandcrab,gamarue,22,0.9426192061229953
gandcrab,gamarue,23,0.9509259174816573
gandcrab,gamarue,24,0.9302136908195051
gandcrab,gamarue,25,0.9384988806108745
gandcrab,gamarue,26,0.9244735070547685
gandcrab,gamarue,27,0.9321260219884503
gandcrab,gamarue,28,0.9217552860446698
gandcrab,gamarue,29,0.9135976017457826
gandcrab,gamarue,30,0.9195686582631436
gandcrab,gamarue,31,0.9248362046632512
gandcrab,gamarue,32,0.9305183719549384
gandcrab,gamarue,33,0.9365347378009877
gandcrab,gamarue,34,0.9419307976346112
gandcrab,gamarue,35,0.9471405655711831
gandcrab,gamarue,36,0.9516304627044478
gandcrab,gamarue,37,0.9395165353772009
gandcrab,gamarue,38,0.9444527038320596
gandcrab,gamarue,39,0.9354028308713549
gandcrab,gamarue,40,0.9406291665091286
gandcrab,darkkomet,1,1.104978289740845
gandcrab,darkkomet,2,0.939525568420009
gandcrab,darkkomet,3,0.9297630646346287
gandcrab,darkkomet,4,0.9262305539030713
gandcrab,darkkomet,5,0.9502510011516084
gandcrab,darkkomet,6,0.9358697418471389
gandcrab,darkkomet,7,0.925583774958255
gandcrab,darkkomet,8,0.9315027737489745
gandcrab,darkkomet,9,0.9323947212156036
gandcrab,darkkomet,10,0.9398066310193358
gandcrab,darkkomet,11,0.9152144193113754
gandcrab,darkkomet,12,0.9254850951226543
gandcrab,darkkomet,13,0.9349638573975434
gandcrab,darkkomet,14,0.9438292298841372
gandcrab,darkkomet,15,0.9548355895367757
gandcrab,darkkomet,16,0.9655413393927821
gandcrab,darkkomet,17,0.9758116126751595
gandcrab,darkkomet,18,0.9622401544193118
gandcrab,darkkomet,19,0.9688835409318831
gandcrab,darkkomet,20,0.9712383419352449
gandcrab,delf,1,1.2007415927053597
gandcrab,delf,2,1.2272353867373813
gandcrab,delf,3,1.2383717815905952
gandcrab,delf,4,1.2430863259455451
gandcrab,delf,5,1.2460067196264988
gandcrab,delf,6,1.2449583390729912
gandcrab,delf,7,1.2469610729497822
gandcrab,delf,8,1.246620426778789
gandcrab,delf,9,1.2426778946794883
gandcrab,delf,10,1.2445669071575987
gandcrab,delf,11,1.2457051340693992
gandcrab,delf,12,1.2448695275555177
gandcrab,delf,13,1.2452138808228994
gandcrab,delf,14,1.2457530656772446
gandcrab,delf,15,1.2468033881557745
gandcrab,delf,16,1.2471596304266077
gandcrab,delf,17,1.2479831786929125
gandcrab,delf,18,1.2485611949660962
gandcrab,delf,19,1.2488065085724085
gandcrab,delf,20,1.2491405093558987
gandcrab,gamehack,1,1.2222092441158705
gandcrab,gamehack,2,0.9509558662199176
gandcrab,gamehack,3,0.9852179803740952
gandcrab,gamehack,4,1.0266254881737393
gandcrab,gamehack,5,1.054973885743935
gandcrab,gamehack,6,1.0768408849596527
gandcrab,gamehack,7,1.0920123610583639
gandcrab,gamehack,8,1.1074692381415456
gandcrab,gamehack,9,1.1138231089974902
gandcrab,gamehack,10,1.1249520533957944
gandcrab,gamehack,11,1.1312765102334734
gandcrab,gamehack,12,1.1404825924529143
gandcrab,fareit,1,1.261624350357256
gandcrab,fareit,2,1.2611883963212933
gandcrab,fareit,3,1.2610805115493333
gandcrab,fareit,4,1.2596198527813318
gandcrab,fareit,5,1.258670036696231
gandcrab,fareit,6,1.2561263030949492
gandcrab,fareit,7,1.256125547610454
gandcrab,fareit,8,1.2518222601377458
gandcrab,fareit,9,1.2528354694813078
gandcrab,fareit,10,1.2536744213517506
gandcrab,fareit,11,1.2540329557141816
gandcrab,fareit,12,1.2544505645565769
gandcrab,fareit,13,1.2545644293243012
gandcrab,fareit,14,1.2543943167391687
gandcrab,fareit,15,1.177554881995957
gandcrab,fareit,16,1.1824554507002984
gandcrab,fareit,17,1.1867728950928194
gandcrab,fareit,18,1.19066183950833
gandcrab,fareit,19,1.1941789199412804
gandcrab,fareit,20,1.1973713914455257
gandcrab,fareit,21,1.200137740561392
downloadguide,benign,1,1.249470432179797
downloadguide,benign,2,0.9221354759840423
downloadguide,benign,3,0.9738512060964651
downloadguide,benign,4,0.9314796866280801
downloadguide,benign,5,0.9494967916969415
downloadguide,benign,6,0.9748600046494357
downloadguide,benign,7,0.998570517643453
downloadguide,benign,8,0.9269176512280397
downloadguide,benign,9,0.9142277649085125
downloadguide,benign,10,0.933156014963075
downloadguide,benign,11,0.9518377015382208
downloadguide,benign,12,0.9682910388734017
downloadguide,benign,13,0.983722047894642
downloadguide,benign,14,0.9977857374789126
downloadguide,benign,15,1.0041670406489156
downloadguide,benign,16,0.9737261722690516
downloadguide,benign,17,0.937384543491886
downloadguide,benign,18,0.9098386199954226
downloadguide,benign,19,0.8941144433738776
downloadguide,benign,20,0.905308342175774
downloadguide,benign,21,0.9156263418411438
downloadguide,benign,22,0.8968698727512663
downloadguide,benign,23,0.8818604145386723
downloadguide,benign,24,0.8908210165355603
downloadguide,benign,25,0.8782789931148711
downloadguide,benign,26,0.8694988401051909
downloadguide,benign,27,0.8774680377453229
downloadguide,benign,28,0.8851258917121474
downloadguide,benign,29,0.8773756532874174
downloadguide,benign,30,0.8675144268528927
downloadguide,benign,31,0.8737941230972758
downloadguide,benign,32,0.8786939136994063
downloadguide,benign,33,0.8719223660744169
downloadguide,benign,34,0.8666597105143803
downloadguide,benign,35,0.8724767552216175
downloadguide,benign,36,0.8781839452683786
downloadguide,benign,37,0.8725184390072851
downloadguide,benign,38,0.8650732005283892
downloadguide,gandcrab,1,1.263770061340777
downloadguide,gandcrab,2,1.2634636332381985
downloadguide,gandcrab,3,1.2632013245923668
downloadguide,gandcrab,4,1.2630226161016878
downloadguide,gandcrab,5,1.2625103707411491
downloadguide,gandcrab,6,1.2620393809853179
downloadguide,gandcrab,7,1.2621403862961715
downloadguide,gandcrab,8,1.2612631545009276
downloadguide,gandcrab,9,1.2614814747509309
downloadguide,gandcrab,10,1.260706762856865
downloadguide,gandcrab,11,1.2608226926048083
downloadguide,gandcrab,12,1.2600976835337718
downloadguide,gandcrab,13,1.2603654798742725
downloadguide,gandcrab,14,1.2597747092318683
downloadguide,gandcrab,15,1.259243789052895
downloadguide,gandcrab,16,1.2594425216876823
downloadguide,gandcrab,17,1.259580776593558
downloadguide,gandcrab,18,1.259053681805131
downloadguide,gandcrab,19,1.2591818954750575
downloadguide,gandcrab,20,1.2593751292577453
downloadguide,gandcrab,21,1.2591531085442145
downloadguide,gandcrab,22,1.2589716108563755
downloadguide,gandcrab,23,1.2591448791336308
downloadguide,gandcrab,24,1.25890148384911
downloadguide,gandcrab,25,1.2590443924699763
downloadguide,gandcrab,26,1.259186363599936
downloadguide,gandcrab,27,1.2593119181239842
downloadguide,gandcrab,28,1.2594258678005228
downloadguide,gandcrab,29,1.2595434827812837
downloadguide,gandcrab,30,1.2596284696182436
downloadguide,gandcrab,31,1.2592421777989586
downloadguide,gandcrab,32,1.2590173121755597
downloadguide,gandcrab,33,1.2591534808804123
downloadguide,gandcrab,34,1.2592372640921392
downloadguide,gandcrab,35,1.2593400862485602
downloadguide,gandcrab,36,1.259117031464247
downloadguide,gandcrab,37,1.2588192336343718
downloadguide,gandcrab,38,1.2589242823449798
downloadguide,firseria,1,1.2625723021462605
downloadguide,firseria,2,1.2620706590889494
downloadguide,firseria,3,1.2598036546986642
downloadguide,firseria,4,1.2602430443420205
downloadguide,firseria,5,1.2599495461963715
downloadguide,firseria,6,1.2600769689876932
downloadguide,firseria,7,1.2604436650403323
downloadguide,firseria,8,1.2586959818629186
downloadguide,firseria,9,1.2590420932946675
downloadguide,firseria,10,1.2580607781902224
downloadguide,firseria,11,1.257643071377375
downloadguide,firseria,12,1.2570895456729119
downloadguide,firseria,13,1.2574368086830656
downloadguide,firseria,14,1.2571578255978035
downloadguide,firseria,15,1.2567826092461978
downloadguide,firseria,16,1.2560609168963166
downloadguide,firseria,17,1.2555771423680449
downloadguide,firseria,18,1.2551985127491987
downloadguide,firseria,19,1.2550436754856635
downloadguide,firseria,20,1.2553429841123558
downloadguide,firseria,21,1.2552348682486152
downloadguide,firseria,22,1.255170177215684
downloadguide,firseria,23,1.2554559121128834
downloadguide,firseria,24,1.2552652065071652
downloadguide,firseria,25,1.2555212108816725
downloadguide,firseria,26,1.25574493814231
downloadguide,firseria,27,1.2559522058281423
downloadguide,firseria,28,1.212415605900253
downloadguide,firseria,29,1.2138526992795577
downloadguide,firseria,30,1.214889297615002
downloadguide,firseria,31,1.2160981362801246
downloadguide,firseria,32,1.2171111101999168
downloadguide,firseria,33,1.218440893345889
downloadguide,firseria,34,1.219655983671687
downloadguide,firseria,35,1.2207637650387047
downloadguide,firseria,36,1.221880890534583
downloadguide,firseria,37,1.2226528888965422
downloadguide,firseria,38,1.2236752564211593
downloadguide,emotet,1,1.2396556193563764
downloadguide,emotet,2,1.2484440978271822
downloadguide,emotet,3,1.245717010425404
downloadguide,emotet,4,1.2370339417095844
downloadguide,emotet,5,1.2284657917739623
downloadguide,emotet,6,1.2252465096565253
downloadguide,emotet,7,1.2293799129660654
downloadguide,emotet,8,1.2256552182085099
downloadguide,emotet,9,1.229317366564271
downloadguide,emotet,10,1.224910003814474
downloadguide,emotet,11,1.227718654337691
downloadguide,emotet,12,1.2295094486355378
downloadguide,emotet,13,1.2313661072551008
downloadguide,emotet,14,1.2297860239540876
downloadguide,emotet,15,1.2288129425788457
downloadguide,emotet,16,1.2284784316201378
downloadguide,emotet,17,1.230028105765137
downloadguide,emotet,18,1.2281288418240242
downloadguide,emotet,19,1.2293051785680564
downloadguide,emotet,20,1.2287636960187258
downloadguide,emotet,21,1.2294888495945953
downloadguide,emotet,22,1.2288765142811615
downloadguide,emotet,23,1.1788998132507078
downloadguide,emotet,24,1.180120017644942
downloadguide,emotet,25,1.1830634598900969
downloadguide,emotet,26,1.1857856102464535
downloadguide,emotet,27,1.188281471785757
downloadguide,emotet,28,1.188759200016061
downloadguide,emotet,29,1.18448597139483
downloadguide,emotet,30,1.1859395065078566
downloadguide,emotet,31,1.186926368279103
downloadguide,emotet,32,1.1883959837432907
downloadguide,emotet,33,1.1900289870404204
downloadguide,emotet,34,1.1880354827844881
downloadguide,emotet,35,1.1897727492740473
downloadguide,emotet,36,1.1895113275671059
downloadguide,emotet,37,1.1856140300351696
downloadguide,emotet,38,1.1873641061267048
downloadguide,driverpack,1,1.2610059658575703
downloadguide,driverpack,2,1.2606804440441475
downloadguide,driverpack,3,1.2601336291437328
downloadguide,driverpack,4,1.2603258434978737
downloadguide,driverpack,5,1.259702915072821
downloadguide,driverpack,6,1.2596777076959775
downloadguide,driverpack,7,1.259944763222736
downloadguide,driverpack,8,1.259059119199758
downloadguide,driverpack,9,1.25922993526941
downloadguide,driverpack,10,1.2576977984834738
downloadguide,driverpack,11,1.2580088245621104
downloadguide,driverpack,12,1.2572754600356872
downloadguide,driverpack,13,1.2575885174042707
downloadguide,driverpack,14,1.2571858067072457
downloadguide,domaiq,1,1.2619473000396777
downloadguide,domaiq,2,1.254770061415622
downloadguide,domaiq,3,1.2527671396975393
downloadguide,domaiq,4,1.2550425647451644
downloadguide,domaiq,5,1.253886349075084
downloadguide,domaiq,6,1.252873901512043
downloadguide,domaiq,7,1.2540804156386631
downloadguide,domaiq,8,1.2537643446288032
downloadguide,domaiq,9,1.2530840422924996
downloadguide,domaiq,10,1.2516586435873456
downloadguide,domaiq,11,1.2525384281539425
downloadguide,domaiq,12,1.2522948885534833
downloadguide,domaiq,13,1.2517660943258586
downloadguide,domaiq,14,1.2511008938466104
downloadguide,hotbar,1,1.2627061663569727
downloadguide,hotbar,2,1.2624688655313876
downloadguide,hotbar,3,1.2622106213304056
downloadguide,hotbar,4,1.2623167598784573
downloadguide,hotbar,5,1.2617926900178706
downloadguide,hotbar,6,1.261737202747368
downloadguide,hotbar,7,1.2618623955695931
downloadguide,hotbar,8,1.2609043579770913
downloadguide,hotbar,9,1.2610891850041246
downloadguide,hotbar,10,1.2602523095544882
downloadguide,hotbar,11,1.2605157742724709
downloadguide,hotbar,12,1.2595803032911028
downloadguide,hotbar,13,1.2598403975512054
downloadguide,hotbar,14,1.2594383741109878
downloadguide,hotbar,15,1.2589505842289346
downloadguide,hotbar,16,1.2590984027318108
downloadguide,hotbar,17,1.2593148620660308
downloadguide,hotbar,18,1.2587687740606466
downloadguide,hotbar,19,1.2589112287492448
downloadguide,hotbar,20,1.2590918816626968
downloadguide,hotbar,21,1.2588394578956934
downloadguide,hotbar,22,1.258622092153003
downloadguide,hotbar,23,1.2587753298587345
downloadguide,hotbar,24,1.258522309545568
downloadguide,hotbar,25,1.258690104869515
downloadguide,hotbar,26,1.2588066904051671
downloadguide,hotbar,27,1.2589235428123058
downloadguide,multiplug,1,1.2535938673198688
downloadguide,multiplug,2,1.2536400229923306
downloadguide,multiplug,3,1.255632030837341
downloadguide,multiplug,4,1.2568150700070775
downloadguide,multiplug,5,1.2571353882791616
downloadguide,multiplug,6,1.2577146502643672
downloadguide,multiplug,7,1.2581241317724698
downloadguide,multiplug,8,1.2575768604616082
downloadguide,multiplug,9,1.2577492300115605
downloadguide,multiplug,10,1.2567865517058077
downloadguide,multiplug,11,1.2570961970655292
downloadguide,multiplug,12,1.2565942199370628
downloadguide,multiplug,13,1.2568659336729358
downloadguide,multiplug,14,1.2566099204760033
downloadguide,multiplug,15,1.2561210547081014
downloadguide,multiplug,16,1.2562901402828035
downloadguide,multiplug,17,1.256497080330055
downloadguide,multiplug,18,1.2560125926487782
downloadguide,multiplug,19,1.2557811117992128
downloadguide,multiplug,20,1.2559833040131916
downloadguide,multiplug,21,1.255044863108491
downloadguide,multiplug,22,1.2550143226350174
downloadguide,multiplug,23,1.2553076719311789
downloadguide,multiplug,24,1.2550584096255775
downloadguide,multiplug,25,1.2551840209352334
downloadguide,multiplug,26,1.255348966842622
downloadguide,multiplug,27,1.2554474583114756
downloadguide,multiplug,28,1.2555740974290717
downloadguide,multiplug,29,1.2557990639575134
downloadguide,multiplug,30,1.2558360836470543
downloadguide,multiplug,31,1.255703986795651
downloadguide,multiplug,32,1.2552967646584765
downloadguide,multiplug,33,1.2555086140188958
downloadguide,multiplug,34,1.255053189604861
downloadguide,multiplug,35,1.2552522126931305
downloadguide,dlhelper,1,1.263610187004764
downloadguide,dlhelper,2,1.257375063794694
downloadguide,dlhelper,3,1.2589380184713326
downloadguide,dlhelper,4,1.2599676910164495
downloadguide,dlhelper,5,1.259160491287354
downloadguide,downloadadmin,1,1.263125836323537
downloadguide,downloadadmin,2,1.2628983387602566
downloadguide,downloadadmin,3,1.262592280778044
downloadguide,downloadadmin,4,1.262592112134762
downloadguide,downloadadmin,5,1.2620360824444612
downloadguide,downloadadmin,6,1.2619984801180784
downloadguide,downloadadmin,7,1.1074611853781788
downloadguide,downloadadmin,8,1.1230645637051966
downloadguide,downloadadmin,9,1.1366473756852589
downloadguide,downloadadmin,10,1.1468924315513036
downloadguide,downloadadmin,11,1.1564195658078842
downloadguide,downloadadmin,12,1.1635571632239035
downloadguide,downloadadmin,13,1.1705877990420368
downloadguide,downloadadmin,14,1.1760936073057278
downloadguide,downloadadmin,15,1.1807659799452885
downloadguide,downloadadmin,16,1.1849033942215486
downloadguide,downloadadmin,17,1.1892133087785672
downloadguide,downloadadmin,18,1.1923366762815735
downloadguide,downloadadmin,19,1.195797567977305
downloadguide,downloadadmin,20,1.1453140565475874
downloadguide,downloadadmin,21,1.1499242645289973
downloadguide,downloadadmin,22,1.1541809862640937
downloadguide,downloadadmin,23,1.1584475345768834
downloadguide,downloadadmin,24,1.1203322513528868
downloadguide,downloadadmin,25,1.125282908790117
downloadguide,downloadadmin,26,1.1298732291187217
downloadguide,downloadadmin,27,1.1341622572268575
downloadguide,downloadadmin,28,1.1382124550136363
downloadguide,downloadadmin,29,1.1420181857783205
downloadguide,downloadadmin,30,1.14557169646267
downloadguide,downloadadmin,31,1.1486814610298084
downloadguide,downloadadmin,32,1.1515352955129723
downloadguide,downloadadmin,33,1.1244161309601997
downloadguide,downloadadmin,34,1.1279107411210125
downloadguide,downloadadmin,35,1.1312889604140992
downloadguide,downloadadmin,36,1.1344919913283067
downloadguide,downloadadmin,37,1.1372629283569868
downloadguide,downloadadmin,38,1.140192162382382
downloadguide,gamarue,1,1.22687788588608
downloadguide,gamarue,2,1.2330838817585976
downloadguide,gamarue,3,0.9522320290385997
downloadguide,gamarue,4,0.8630875745321639
downloadguide,gamarue,5,0.902476067652718
downloadguide,gamarue,6,0.9263879977822613
downloadguide,gamarue,7,0.8730581963614301
downloadguide,gamarue,8,0.9002631443029737
downloadguide,gamarue,9,0.924772802850698
downloadguide,gamarue,10,0.8918075300295152
downloadguide,gamarue,11,0.9117172747616547
downloadguide,gamarue,12,0.9291995180379254
downloadguide,gamarue,13,0.9460696462999252
downloadguide,gamarue,14,0.920588448336151
downloadguide,gamarue,15,0.9331727433816065
downloadguide,gamarue,16,0.9156079763898656
downloadguide,gamarue,17,0.9270622468676328
downloadguide,gamarue,18,0.9126858018421955
downloadguide,gamarue,19,0.9131573409206782
downloadguide,gamarue,20,0.9227286104863242
downloadguide,gamarue,21,0.9315782938845977
downloadguide,gamarue,22,0.9392143164618827
downloadguide,gamarue,23,0.9476373568219796
downloadguide,gamarue,24,0.9266420017786453
downloadguide,gamarue,25,0.9351321348169376
downloadguide,gamarue,26,0.9211608800089696
downloadguide,gamarue,27,0.9288960675936513
downloadguide,gamarue,28,0.9186583854024958
downloadguide,gamarue,29,0.9106108054959832
downloadguide,gamarue,30,0.916632875746363
downloadguide,gamarue,31,0.9219374197824918
downloadguide,gamarue,32,0.9273096698090266
downloadguide,gamarue,33,0.9334216171662819
downloadguide,gamarue,34,0.9388546487875818
downloadguide,gamarue,35,0.9441796872678143
downloadguide,gamarue,36,0.9490954668442592
downloadguide,gamarue,37,0.936859572636605
downloadguide,gamarue,38,0.9418824914104141
downloadguide,darkkomet,1,1.1049113469941114
downloadguide,darkkomet,2,0.9392740168841887
downloadguide,darkkomet,3,0.9291242914005602
downloadguide,darkkomet,4,0.9258015006851394
downloadguide,darkkomet,5,0.9492232190479838
downloadguide,darkkomet,6,0.9352673949301493
downloadguide,darkkomet,7,0.9252242272698986
downloadguide,darkkomet,8,0.9299217000092306
downloadguide,darkkomet,9,0.93095838296569
downloadguide,darkkomet,10,0.9373530337392285
downloadguide,darkkomet,11,0.913130316538646
downloadguide,darkkomet,12,0.9224761183455542
downloadguide,darkkomet,13,0.9321795631608606
downloadguide,darkkomet,14,0.9407896078530407
downloadguide,darkkomet,15,0.9512395449306078
downloadguide,darkkomet,16,0.9621157941210037
downloadguide,darkkomet,17,0.9726967046278455
downloadguide,darkkomet,18,0.958370286585061
downloadguide,darkkomet,19,0.9651973535281101
downloadguide,darkkomet,20,0.967697417721139
downloadguide,delf,1,1.2006801552595328
downloadguide,delf,2,1.2270137835117927
downloadguide,delf,3,1.237829292777465
downloadguide,delf,4,1.2427118711485126
downloadguide,delf,5,1.2450197105238567
downloadguide,delf,6,1.2443859706092857
downloadguide,delf,7,1.2466096400749935
downloadguide,delf,8,1.2452485847393941
downloadguide,delf,9,1.2414078724360011
downloadguide,delf,10,1.2423907663761984
downloadguide,delf,11,1.2438834804110424
downloadguide,delf,12,1.2422210556941597
downloadguide,delf,13,1.2427478376375618
downloadguide,delf,14,1.2430603736656396
downloadguide,delf,15,1.2436006867562637
downloadguide,delf,16,1.2440873078814725
downloadguide,delf,17,1.2451749613762555
downloadguide,delf,18,1.2451421006173296
downloadguide,delf,19,1.2455460054970628
downloadguide,delf,20,1.2460170907154922
downloadguide,gamehack,1,1.2221520092358964
downloadguide,gamehack,2,0.9507584500854969
downloadguide,gamehack,3,0.9846870007183604
downloadguide,gamehack,4,1.0262603552880094
downloadguide,gamehack,5,1.0539765484049899
downloadguide,gamehack,6,1.0762581354140255
downloadguide,gamehack,7,1.0916528314548377
downloadguide,gamehack,8,1.1060579629230887
downloadguide,gamehack,9,1.1125152431142675
downloadguide,gamehack,10,1.1227133944458991
downloadguide,gamehack,11,1.12939570414923
downloadguide,gamehack,12,1.1377625208018642
downloadguide,fareit,1,1.261569327129811
downloadguide,fareit,2,1.2609761323514683
downloadguide,fareit,3,1.2605522092022254
downloadguide,fareit,4,1.259252116669651
downloadguide,fareit,5,1.2576963898423417
downloadguide,fareit,6,1.255543876511987
downloadguide,fareit,7,1.255762237298871
downloadguide,fareit,8,1.2504392648858433
downloadguide,fareit,9,1.2515637246083067
downloadguide,fareit,10,1.2515061862529422
downloadguide,fareit,11,1.2522151401896062
downloadguide,fareit,12,1.2518193429463556
downloadguide,fareit,13,1.252114000208342
downloadguide,fareit,14,1.2517182096677133
downloadguide,fareit,15,1.174301029965867
downloadguide,fareit,16,1.179338780647901
downloadguide,fareit,17,1.1839252946229124
downloadguide,fareit,18,1.1871997092392315
downloadguide,fareit,19,1.1908808554804173
downloadguide,fareit,20,1.1942145533922566
downloadguide,fareit,21,1.196700500785417
firseria,benign,1,1.248304933330311
firseria,benign,2,0.9208582088724162
firseria,benign,3,0.9708152384873655
firseria,benign,4,0.9289830420822275
firseria,benign,5,0.947905204343291
firseria,benign,6,0.9734806454143118
firseria,benign,7,0.9972296259719425
firseria,benign,8,0.9256722479077641
firseria,benign,9,0.9129647050325325
firseria,benign,10,0.9326555658073519
firseria,benign,11,0.9503761026472419
firseria,benign,12,0.9678997075813156
firseria,benign,13,0.9832190661532416
firseria,benign,14,0.9978535145883586
firseria,benign,15,1.0049448627651731
firseria,benign,16,0.9733940585909461
firseria,benign,17,0.9361137284937258
firseria,benign,18,0.9093692227536134
firseria,benign,19,0.8931715798000801
firseria,benign,20,0.9043342734840835
firseria,benign,21,0.9150763280314853
firseria,benign,22,0.8967038215812687
firseria,benign,23,0.881681097535312
firseria,benign,24,0.8910186757256086
firseria,benign,25,0.8783849542479788
firseria,benign,26,0.869597037555696
firseria,benign,27,0.8775629831107767
firseria,benign,28,0.840535055151733
firseria,benign,29,0.8340143119623865
firseria,benign,30,0.8250675416293335
firseria,benign,31,0.8329656441330501
firseria,benign,32,0.8394177287264168
firseria,benign,33,0.8337331901197701
firseria,benign,34,0.8296034352572688
firseria,benign,35,0.8363393100262052
firseria,benign,36,0.8430184788170931
firseria,benign,37,0.8385201576894526
firseria,benign,38,0.8319352283523106
firseria,benign,39,0.8378430474422057
firseria,benign,40,0.8344799611511956
firseria,benign,41,0.8400111213703345
firseria,benign,42,0.8366911169319654
firseria,benign,43,0.832142232768856
firseria,benign,44,0.8371139874191074
firseria,benign,45,0.8409023634311378
firseria,benign,46,0.8357061755619938
firseria,benign,47,0.8403126788038374
firseria,gandcrab,1,1.2625788030949059
firseria,gandcrab,2,1.2622309291394833
firseria,gandcrab,3,1.2601185428958965
firseria,gandcrab,4,1.260435878963907
firseria,gandcrab,5,1.2607695229149527
firseria,gandcrab,6,1.2605219735086053
firseria,gandcrab,7,1.2606831704551102
firseria,gandcrab,8,1.259888964104917
firseria,gandcrab,9,1.2601402518259368
firseria,gandcrab,10,1.260059393912544
firseria,gandcrab,11,1.259257119538547
firseria,gandcrab,12,1.2595230989479442
firseria,gandcrab,13,1.2597006182351977
firseria,gandcrab,14,1.259652288609407
firseria,gandcrab,15,1.2597883965796517
firseria,gandcrab,16,1.2589144521877003
firseria,gandcrab,17,1.2581508094176261
firseria,gandcrab,18,1.25838461063704
firseria,gandcrab,19,1.2580500636152867
firseria,gandcrab,20,1.2582227977900478
firseria,gandcrab,21,1.258399135000973
firseria,gandcrab,22,1.2585810483305466
firseria,gandcrab,23,1.2587534425774365
firseria,gandcrab,24,1.2588633672046812
firseria,gandcrab,25,1.2589287433519996
firseria,gandcrab,26,1.2590621429434632
firseria,gandcrab,27,1.2591914353237317
firseria,gandcrab,28,1.215576454357738
firseria,gandcrab,29,1.216890111740402
firseria,gandcrab,30,1.2178561957184062
firseria,gandcrab,31,1.2190218938559396
firseria,gandcrab,32,1.2203159873159117
firseria,gandcrab,33,1.2215546229240444
firseria,gandcrab,34,1.2227294739297663
firseria,gandcrab,35,1.2237247136396165
firseria,gandcrab,36,1.2244383384309456
firseria,gandcrab,37,1.2253113875188182
firseria,gandcrab,38,1.2262492070921303
firseria,gandcrab,39,1.2269629049076989
firseria,gandcrab,40,1.2278271172112256
firseria,gandcrab,41,1.2286472283117684
firseria,gandcrab,42,1.2294074096011824
firseria,gandcrab,43,1.2301389087338523
firseria,gandcrab,44,1.230861071889961
firseria,gandcrab,45,1.2315511696915658
firseria,gandcrab,46,1.2321121821211531
firseria,gandcrab,47,1.2327105478004068
firseria,downloadguide,1,1.2625723021462605
firseria,downloadguide,2,1.2620706590889494
firseria,downloadguide,3,1.2598036546986642
firseria,downloadguide,4,1.2602430443420205
firseria,downloadguide,5,1.2599495461963715
firseria,downloadguide,6,1.2600769689876932
firseria,downloadguide,7,1.2604436650403323
firseria,downloadguide,8,1.2586959818629186
firseria,downloadguide,9,1.2590420932946675
firseria,downloadguide,10,1.2580607781902224
firseria,downloadguide,11,1.2576430713773747
firseria,downloadguide,12,1.2570895456729119
firseria,downloadguide,13,1.2574368086830656
firseria,downloadguide,14,1.2571578255978035
firseria,downloadguide,15,1.2567826092461978
firseria,downloadguide,16,1.2560609168963166
firseria,downloadguide,17,1.2555771423680449
firseria,downloadguide,18,1.2551985127491987
firseria,downloadguide,19,1.2550436754856635
firseria,downloadguide,20,1.2553429841123558
firseria,downloadguide,21,1.2552348682486152
firseria,downloadguide,22,1.255170177215684
firseria,downloadguide,23,1.2554559121128834
firseria,downloadguide,24,1.2552652065071652
firseria,downloadguide,25,1.2555212108816725
firseria,downloadguide,26,1.25574493814231
firseria,downloadguide,27,1.2559522058281423
firseria,downloadguide,28,1.212415605900253
firseria,downloadguide,29,1.2138526992795577
firseria,downloadguide,30,1.214889297615002
firseria,downloadguide,31,1.2160981362801246
firseria,downloadguide,32,1.2171111101999168
firseria,downloadguide,33,1.218440893345889
firseria,downloadguide,34,1.219655983671687
firseria,downloadguide,35,1.2207637650387047
firseria,downloadguide,36,1.221880890534583
firseria,downloadguide,37,1.2226528888965422
firseria,downloadguide,38,1.2236752564211593
firseria,emotet,1,1.2384662956373518
firseria,emotet,2,1.2472335334782512
firseria,emotet,3,1.2427761018167987
firseria,emotet,4,1.2345341674233086
firseria,emotet,5,1.2268000974552207
firseria,emotet,6,1.2237909754645426
firseria,emotet,7,1.227981774564952
firseria,emotet,8,1.224390324822663
firseria,emotet,9,1.2280788490781753
firseria,emotet,10,1.2243806502706502
firseria,emotet,11,1.2262762035730321
firseria,emotet,12,1.229089272990145
firseria,emotet,13,1.2308430896389357
firseria,emotet,14,1.229815896115487
firseria,emotet,15,1.2295278152979066
firseria,emotet,16,1.2281090689608467
firseria,emotet,17,1.2287496619521658
firseria,emotet,18,1.2276306299937634
firseria,emotet,19,1.2283530012595625
firseria,emotet,20,1.2277806587283056
firseria,emotet,21,1.2289128204874011
firseria,emotet,22,1.2286705050690379
firseria,emotet,23,1.1786825967589336
firseria,emotet,24,1.1802705851045998
firseria,emotet,25,1.18312577418081
firseria,emotet,26,1.18583358505729
firseria,emotet,27,1.188328403935894
firseria,emotet,28,1.1444423091087004
firseria,emotet,29,1.1413361005597398
firseria,emotet,30,1.1436835215096353
firseria,emotet,31,1.1462592337412953
firseria,emotet,32,1.1492898230844752
firseria,emotet,33,1.1520459692648075
firseria,emotet,34,1.1511251491750598
firseria,emotet,35,1.1537718049129686
firseria,emotet,36,1.1544420380580482
firseria,emotet,37,1.1517061790003944
firseria,emotet,38,1.1543110374505718
firseria,emotet,39,1.1564512455337186
firseria,emotet,40,1.1583136540791195
firseria,emotet,41,1.1599724470019859
firseria,emotet,42,1.1617974021607993
firseria,emotet,43,1.1636355899279724
firseria,emotet,44,1.1656500192671064
firseria,emotet,45,1.1669595610698815
firseria,emotet,46,1.1677902967338447
firseria,emotet,47,1.1684375703755605
firseria,driverpack,1,1.2598707013172934
firseria,driverpack,2,1.2595886279983275
firseria,driverpack,3,1.257414279276627
firseria,driverpack,4,1.2580326043805279
firseria,driverpack,5,1.2582551927405359
firseria,driverpack,6,1.2584142537453498
firseria,driverpack,7,1.2587181837657342
firseria,driverpack,8,1.2579677157421747
firseria,driverpack,9,1.2581466039211493
firseria,driverpack,10,1.2574278091340707
firseria,driverpack,11,1.256848012891842
firseria,driverpack,12,1.2570866117919322
firseria,driverpack,13,1.2572860468947211
firseria,driverpack,14,1.2574435572408813
firseria,domaiq,1,1.260800607024772
firseria,domaiq,2,1.2535742864896227
firseria,domaiq,3,1.2498577528763006
firseria,domaiq,4,1.2526033403423562
firseria,domaiq,5,1.252276147434268
firseria,domaiq,6,1.251471048285834
firseria,domaiq,7,1.2527277185205716
firseria,domaiq,8,1.2525499777767122
firseria,domaiq,9,1.2518876890618147
firseria,domaiq,10,1.2511529227442417
firseria,domaiq,11,1.2511455272844776
firseria,domaiq,12,1.2518924260117559
firseria,domaiq,13,1.2512618155187212
firseria,domaiq,14,1.2511364168420431
firseria,hotbar,1,1.261556604462265
firseria,hotbar,2,1.2612813216045458
firseria,hotbar,3,1.2592573615217275
firseria,hotbar,4,1.2598398233851293
firseria,hotbar,5,1.2601501412752618
firseria,hotbar,6,1.2603083908190504
firseria,hotbar,7,1.2604866422047494
firseria,hotbar,8,1.2596566074269975
firseria,hotbar,9,1.2598652191578044
firseria,hotbar,10,1.2597151886625215
firseria,hotbar,11,1.2590926923487942
firseria,hotbar,12,1.259141288383185
firseria,hotbar,13,1.2593034083595058
firseria,hotbar,14,1.259438510762131
firseria,hotbar,15,1.2596134467314744
firseria,hotbar,16,1.2587121579466105
firseria,hotbar,17,1.258048230730998
firseria,hotbar,18,1.2582576438448156
firseria,hotbar,19,1.2579425902443728
firseria,hotbar,20,1.2580963423519609
firseria,hotbar,21,1.258237863564526
firseria,hotbar,22,1.2583796781268317
firseria,hotbar,23,1.2585273418258198
firseria,hotbar,24,1.2586239272065347
firseria,hotbar,25,1.258709875566176
firseria,hotbar,26,1.2588144099652319
firseria,hotbar,27,1.2589316416024656
firseria,multiplug,1,1.2522103017615391
firseria,multiplug,2,1.2522033745285377
firseria,multiplug,3,1.2525380223919282
firseria,multiplug,4,1.2542153409226835
firseria,multiplug,5,1.255385342731911
firseria,multiplug,6,1.2561834024591896
firseria,multiplug,7,1.2566491649155744
firseria,multiplug,8,1.2562475648811458
firseria,multiplug,9,1.2564416301851997
firseria,multiplug,10,1.2561504198335054
firseria,multiplug,11,1.2555817951173331
firseria,multiplug,12,1.2560717067649434
firseria,multiplug,13,1.2562432799286376
firseria,multiplug,14,1.2565256800068263
firseria,multiplug,15,1.2566991641030272
firseria,multiplug,16,1.2558226057962152
firseria,multiplug,17,1.2551502389789544
firseria,multiplug,18,1.2554232139166355
firseria,multiplug,19,1.2547376139047786
firseria,multiplug,20,1.2549098276119772
firseria,multiplug,21,1.254342829720265
firseria,multiplug,22,1.2546758003752485
firseria,multiplug,23,1.2549658467137608
firseria,multiplug,24,1.2550644963271194
firseria,multiplug,25,1.2551054916297553
firseria,multiplug,26,1.2552578677073494
firseria,multiplug,27,1.2553563548963744
firseria,multiplug,28,1.211663686144432
firseria,multiplug,29,1.2131057500733786
firseria,multiplug,30,1.214036034223621
firseria,multiplug,31,1.2154598031646762
firseria,multiplug,32,1.2165645430337328
firseria,multiplug,33,1.2178805212696915
firseria,multiplug,34,1.2185063547694424
firseria,multiplug,35,1.2195959328537604
firseria,dlhelper,1,1.262466131352586
firseria,dlhelper,2,1.2561834586637433
firseria,dlhelper,3,1.256052249913259
firseria,dlhelper,4,1.257544172334898
firseria,dlhelper,5,1.2575615442926944
firseria,downloadadmin,1,1.2619574589763196
firseria,downloadadmin,2,1.2616904361635797
firseria,downloadadmin,3,1.2596797827939135
firseria,downloadadmin,4,1.2601399762924332
firseria,downloadadmin,5,1.2604084157433024
firseria,downloadadmin,6,1.2605793369317486
firseria,downloadadmin,7,1.1060947230270388
firseria,downloadadmin,8,1.1218313049207476
firseria,downloadadmin,9,1.1354338290883814
firseria,downloadadmin,10,1.1463627719638123
firseria,downloadadmin,11,1.1550079024372826
firseria,downloadadmin,12,1.1631265592112614
firseria,downloadadmin,13,1.1700572731890369
firseria,downloadadmin,14,1.1760977394285201
firseria,downloadadmin,15,1.1814306025232608
firseria,downloadadmin,16,1.1845200583043274
firseria,downloadadmin,17,1.1879504094307203
firseria,downloadadmin,18,1.1918277611316062
firseria,downloadadmin,19,1.1948484689148984
firseria,downloadadmin,20,1.1443379291358604
firseria,downloadadmin,21,1.149339962280178
firseria,downloadadmin,22,1.1539540275591298
firseria,downloadadmin,23,1.1582134472330994
firseria,downloadadmin,24,1.1204481762336802
firseria,downloadadmin,25,1.1253156001563451
firseria,downloadadmin,26,1.1298924697656543
firseria,downloadadmin,27,1.1341806897057234
firseria,downloadadmin,28,1.094416457404338
firseria,downloadadmin,29,1.099434743773707
firseria,downloadadmin,30,1.1038844836806918
firseria,downloadadmin,31,1.108547926724532
firseria,downloadadmin,32,1.1129188875455704
firseria,downloadadmin,33,1.0869003690381602
firseria,downloadadmin,34,1.091484088719373
firseria,downloadadmin,35,1.095752847846018
firseria,downloadadmin,36,1.0998947590243935
firseria,downloadadmin,37,1.1038363930880684
firseria,downloadadmin,38,1.1075967628196646
firseria,downloadadmin,39,1.1111740680387971
firseria,downloadadmin,40,1.114535893383081
firseria,downloadadmin,41,1.1178073259708166
firseria,downloadadmin,42,1.0972899247080488
firseria,downloadadmin,43,1.1006905582356425
firseria,downloadadmin,44,1.103966397087168
firseria,downloadadmin,45,1.0858947624653106
firseria,downloadadmin,46,1.089147447687365
firseria,downloadadmin,47,1.0923518942984352
firseria,gamarue,1,1.225677151770434
firseria,gamarue,2,1.2318530505434935
firseria,gamarue,3,0.9487347098309671
firseria,gamarue,4,0.8602664392348844
firseria,gamarue,5,0.900635694021825
firseria,gamarue,6,0.9247719226649943
firseria,gamarue,7,0.8714116207982993
firseria,gamarue,8,0.8988103915909876
firseria,gamarue,9,0.9233629287285149
firseria,gamarue,10,0.8911939475287192
firseria,gamarue,11,0.910121427857435
firseria,gamarue,12,0.9287172648897197
firseria,gamarue,13,0.9454810468050526
firseria,gamarue,14,0.9205959607944696
firseria,gamarue,15,0.9339085848656126
firseria,gamarue,16,0.9151996574578414
firseria,gamarue,17,0.9257007557362581
firseria,gamarue,18,0.9121468834184256
firseria,gamarue,19,0.9121241446841853
firseria,gamarue,20,0.9216681427350546
firseria,gamarue,21,0.9309504858356614
firseria,gamarue,22,0.9389784627338127
firseria,gamarue,23,0.9473949170419231
firseria,gamarue,24,0.9267722552486517
firseria,gamarue,25,0.9351707859329934
firseria,gamarue,26,0.9211809619573722
firseria,gamarue,27,0.9289161702144947
firseria,gamarue,28,0.8593126797954144
firseria,gamarue,29,0.8534374332309428
firseria,gamarue,30,0.8606175183399122
firseria,gamarue,31,0.8678000630701297
firseria,gamarue,32,0.8750101947548745
firseria,gamarue,33,0.8825070757111321
firseria,gamarue,34,0.8893035545770538
firseria,gamarue,35,0.8957706533124643
firseria,gamarue,36,0.9018766347228108
firseria,gamarue,37,0.8913422089838631
firseria,gamarue,38,0.8974186349609385
firseria,gamarue,39,0.8897254664560088
firseria,gamarue,40,0.8959610083770759
firseria,darkkomet,1,1.1035194845599636
firseria,darkkomet,2,0.9378678842673152
firseria,darkkomet,3,0.9256406659469413
firseria,darkkomet,4,0.9229678894416874
firseria,darkkomet,5,0.94738583371815
firseria,darkkomet,6,0.9336508828342354
firseria,darkkomet,7,0.9236679072178833
firseria,darkkomet,8,0.928527877633543
firseria,darkkomet,9,0.929598714545901
firseria,darkkomet,10,0.9368108268209938
firseria,darkkomet,11,0.9115563997079369
firseria,darkkomet,12,0.9220538342085431
firseria,darkkomet,13,0.9316391038614118
firseria,darkkomet,14,0.9408699812750521
firseria,darkkomet,15,0.9520729908591629
firseria,darkkomet,16,0.9617652281145239
firseria,darkkomet,17,0.9713628871920096
firseria,darkkomet,18,0.957877692875189
firseria,darkkomet,19,0.9642004543672048
firseria,darkkomet,20,0.9666600167436546
firseria,delf,1,1.1994351190529635
firseria,delf,2,1.2257766781195425
firseria,delf,3,1.2348726070786595
firseria,delf,4,1.2402397469838742
firseria,delf,5,1.243394682878892
firseria,delf,6,1.2429685603062721
firseria,delf,7,1.2452458376603563
firseria,delf,8,1.2440226398980443
firseria,delf,9,1.2401954280397196
firseria,delf,10,1.2418808980247196
firseria,delf,11,1.2424781283736737
firseria,delf,12,1.2418155618199103
firseria,delf,13,1.242239862812227
firseria,delf,14,1.2430989185143118
firseria,delf,15,1.244312097161802
firseria,delf,16,1.2437343062629689
firseria,delf,17,1.2439297107837888
firseria,delf,18,1.24466331374607
firseria,delf,19,1.2446221720904975
firseria,delf,20,1.2450637459288565
firseria,gamehack,1,1.2209345268781593
firseria,gamehack,2,0.9494825230829822
firseria,gamehack,3,0.9816632337668367
firseria,gamehack,4,1.0237299761077352
firseria,gamehack,5,1.0522909889965368
firseria,gamehack,6,1.0747877611203305
firseria,gamehack,7,1.0902272804709918
firseria,gamehack,8,1.1047704975874535
firseria,gamehack,9,1.111240385952006
firseria,gamehack,10,1.1221619004607302
firseria,gamehack,11,1.1279123392283954
firseria,gamehack,12,1.1373152927887826
firseria,fareit,1,1.2604226414491406
firseria,fareit,2,1.259790620960261
firseria,fareit,3,1.2576736207660577
firseria,fareit,4,1.2568272753992726
firseria,fareit,5,1.2560955404080671
firseria,fareit,6,1.2541475847034802
firseria,fareit,7,1.2544140588262038
firseria,fareit,8,1.249222351224261
firseria,fareit,9,1.2503675254921394
firseria,fareit,10,1.2510032987825817
firseria,fareit,11,1.2508245572321486
firseria,fareit,12,1.2514197426575409
firseria,fareit,13,1.2516129728038838
firseria,fareit,14,1.2517576364705538
firseria,fareit,15,1.175022376262679
firseria,fareit,16,1.1789828066974968
firseria,fareit,17,1.1826676199988304
firseria,fareit,18,1.1867171143381134
firseria,fareit,19,1.1899494839727343
firseria,fareit,20,1.1932541614449832
firseria,fareit,21,1.1961415077907127
emotet,benign,1,1.224661825315065
emotet,benign,2,0.9057527169797267
emotet,benign,3,0.9557019025089454
emotet,benign,4,0.9045542376655029
emotet,benign,5,0.9150527999405367
emotet,benign,6,0.937318721243761
emotet,benign,7,0.9650507110795707
emotet,benign,8,0.8901647089323156
emotet,benign,9,0.8800483595495119
emotet,benign,10,0.8963197836527578
emotet,benign,11,0.9178175919085566
emotet,benign,12,0.9381330662976631
emotet,benign,13,0.9552030339762427
emotet,benign,14,0.9685814944296139
emotet,benign,15,0.9749289262530315
emotet,benign,16,0.9438776458054878
emotet,benign,17,0.9088018661972255
emotet,benign,18,0.8802050692485058
emotet,benign,19,0.8652019441486537
emotet,benign,20,0.8755724253456827
emotet,benign,21,0.887325977310213
emotet,benign,22,0.8684079869386282
emotet,benign,23,0.8011378848647545
emotet,benign,24,0.8120603863432954
emotet,benign,25,0.8020150779705
emotet,benign,26,0.7958993384587512
emotet,benign,27,0.8063871655007426
emotet,benign,28,0.814288598866657
emotet,benign,29,0.8017962839517065
emotet,benign,30,0.7933610076097518
emotet,benign,31,0.801089602026266
emotet,benign,32,0.8080233018986798
emotet,benign,33,0.8025763690650829
emotet,benign,34,0.7950300186852983
emotet,benign,35,0.8025288952687617
emotet,benign,36,0.8077868617306697
emotet,benign,37,0.7981945025301866
emotet,benign,38,0.7924542110568699
emotet,benign,39,0.7988337038123445
emotet,benign,40,0.7957436362069811
emotet,benign,41,0.8013928973180133
emotet,benign,42,0.798404974401745
emotet,benign,43,0.7941369726002688
emotet,benign,44,0.799830405840283
emotet,benign,45,0.8035482772204339
emotet,benign,46,0.79807878200635
emotet,benign,47,0.8021179592859987
emotet,benign,48,0.7981676871278288
emotet,benign,49,0.8033928251573036
emotet,benign,50,0.7990087024345037
emotet,benign,51,0.8028858664494642
emotet,benign,52,0.8077218539657453
emotet,benign,53,0.805489297343303
emotet,gandcrab,1,1.2397134833346217
emotet,gandcrab,2,1.2486601102128922
emotet,gandcrab,3,1.2462556271663083
emotet,gandcrab,4,1.2374123425485255
emotet,gandcrab,5,1.2294769310454834
emotet,gandcrab,6,1.2258528295478075
emotet,gandcrab,7,1.2297562381815599
emotet,gandcrab,8,1.2270813310658442
emotet,gandcrab,9,1.230624293812515
emotet,gandcrab,10,1.2271503214779185
emotet,gandcrab,11,1.2295915480775332
emotet,gandcrab,12,1.2322119847151558
emotet,gandcrab,13,1.2338779359413778
emotet,gandcrab,14,1.2325329161006149
emotet,gandcrab,15,1.2320840278717204
emotet,gandcrab,16,1.2316195430566066
emotet,gandcrab,17,1.232897678427789
emotet,gandcrab,18,1.231627719571373
emotet,gandcrab,19,1.2326383811045778
emotet,gandcrab,20,1.2319609221394883
emotet,gandcrab,21,1.2329685565996862
emotet,gandcrab,22,1.232606336200325
emotet,gandcrab,23,1.182575105438307
emotet,gandcrab,24,1.1841058424258817
emotet,gandcrab,25,1.1868357338171993
emotet,gandcrab,26,1.1894513968606129
emotet,gandcrab,27,1.191854982003644
emotet,gandcrab,28,1.192203024819397
emotet,gandcrab,29,1.187833028459286
emotet,gandcrab,30,1.1892257141344413
emotet,gandcrab,31,1.1901639362017895
emotet,gandcrab,32,1.19191864121757
emotet,gandcrab,33,1.1934513742707353
emotet,gandcrab,34,1.1914243564657205
emotet,gandcrab,35,1.193037888828196
emotet,gandcrab,36,1.1923558567516341
emotet,gandcrab,37,1.1885736938672253
emotet,gandcrab,38,1.190229222864628
emotet,gandcrab,39,1.191308747220476
emotet,gandcrab,40,1.1923518717833486
emotet,gandcrab,41,1.1932298257777845
emotet,gandcrab,42,1.1943223481974496
emotet,gandcrab,43,1.1954314880250831
emotet,gandcrab,44,1.1967506338127485
emotet,gandcrab,45,1.1974111162125576
emotet,gandcrab,46,1.1976968531841057
emotet,gandcrab,47,1.197742361617263
emotet,gandcrab,48,1.1987957364876771
emotet,gandcrab,49,1.1999357166793352
emotet,gandcrab,50,1.19895659944351
emotet,gandcrab,51,1.199687964200975
emotet,gandcrab,52,1.2006863120480986
emotet,gandcrab,53,1.2015632228759463
emotet,downloadguide,1,1.2396556193563764
emotet,downloadguide,2,1.2484440978271822
emotet,downloadguide,3,1.245717010425404
emotet,downloadguide,4,1.2370339417095844
emotet,downloadguide,5,1.2284657917739623
emotet,downloadguide,6,1.2252465096565253
emotet,downloadguide,7,1.2293799129660652
emotet,downloadguide,8,1.2256552182085099
emotet,downloadguide,9,1.2293173665642712
emotet,downloadguide,10,1.224910003814474
emotet,downloadguide,11,1.227718654337691
emotet,downloadguide,12,1.2295094486355378
emotet,downloadguide,13,1.2313661072551008
emotet,downloadguide,14,1.2297860239540876
emotet,downloadguide,15,1.2288129425788457
emotet,downloadguide,16,1.2284784316201378
emotet,downloadguide,17,1.230028105765137
emotet,downloadguide,18,1.2281288418240242
emotet,downloadguide,19,1.2293051785680564
emotet,downloadguide,20,1.2287636960187256
emotet,downloadguide,21,1.229488849594595
emotet,downloadguide,22,1.2288765142811615
emotet,downloadguide,23,1.1788998132507078
emotet,downloadguide,24,1.180120017644942
emotet,downloadguide,25,1.183063459890097
emotet,downloadguide,26,1.1857856102464535
emotet,downloadguide,27,1.188281471785757
emotet,downloadguide,28,1.188759200016061
emotet,downloadguide,29,1.18448597139483
emotet,downloadguide,30,1.1859395065078566
emotet,downloadguide,31,1.1869263682791025
emotet,downloadguide,32,1.1883959837432907
emotet,downloadguide,33,1.1900289870404204
emotet,downloadguide,34,1.1880354827844881
emotet,downloadguide,35,1.1897727492740473
emotet,downloadguide,36,1.1895113275671059
emotet,downloadguide,37,1.1856140300351696
emotet,downloadguide,38,1.1873641061267048
emotet,firseria,1,1.2384662956373518
emotet,firseria,2,1.2472335334782512
emotet,firseria,3,1.2427761018167987
emotet,firseria,4,1.2345341674233086
emotet,firseria,5,1.2268000974552207
emotet,firseria,6,1.2237909754645426
emotet,firseria,7,1.227981774564952
emotet,firseria,8,1.224390324822663
emotet,firseria,9,1.2280788490781753
emotet,firseria,10,1.2243806502706502
emotet,firseria,11,1.2262762035730321
emotet,firseria,12,1.229089272990145
emotet,firseria,13,1.2308430896389357
emotet,firseria,14,1.229815896115487
emotet,firseria,15,1.2295278152979066
emotet,firseria,16,1.228109068960847
emotet,firseria,17,1.228749661952166
emotet,firseria,18,1.2276306299937634
emotet,firseria,19,1.2283530012595625
emotet,firseria,20,1.2277806587283056
emotet,firseria,21,1.2289128204874011
emotet,firseria,22,1.2286705050690379
emotet,firseria,23,1.1786825967589336
emotet,firseria,24,1.1802705851045998
emotet,firseria,25,1.18312577418081
emotet,firseria,26,1.18583358505729
emotet,firseria,27,1.188328403935894
emotet,firseria,28,1.1444423091087004
emotet,firseria,29,1.1413361005597398
emotet,firseria,30,1.1436835215096353
emotet,firseria,31,1.1462592337412956
emotet,firseria,32,1.1492898230844752
emotet,firseria,33,1.1520459692648073
emotet,firseria,34,1.1511251491750598
emotet,firseria,35,1.1537718049129686
emotet,firseria,36,1.1544420380580482
emotet,firseria,37,1.1517061790003946
emotet,firseria,38,1.1543110374505718
emotet,firseria,39,1.1564512455337186
emotet,firseria,40,1.1583136540791195
emotet,firseria,41,1.1599724470019859
emotet,firseria,42,1.1617974021607993
emotet,firseria,43,1.1636355899279724
emotet,firseria,44,1.1656500192671062
emotet,firseria,45,1.1669595610698815
emotet,firseria,46,1.1677902967338447
emotet,firseria,47,1.1684375703755605
emotet,driverpack,1,1.2368651174773198
emotet,driverpack,2,1.2459126278188568
emotet,driverpack,3,1.2432784648696136
emotet,driverpack,4,1.23474819622481
emotet,driverpack,5,1.2266906549617138
emotet,driverpack,6,1.2234955191523205
emotet,driverpack,7,1.2275735903119838
emotet,driverpack,8,1.2248833001326185
emotet,driverpack,9,1.228376222895029
emotet,driverpack,10,1.2242359375337928
emotet,driverpack,11,1.226880032425877
emotet,driverpack,12,1.2294938820942678
emotet,driverpack,13,1.231198775402064
emotet,driverpack,14,1.2300705145355886
emotet,domaiq,1,1.2378269694191026
emotet,domaiq,2,1.239788202063383
emotet,domaiq,3,1.2355805223485445
emotet,domaiq,4,1.2291624195696929
emotet,domaiq,5,1.2204795031769367
emotet,domaiq,6,1.2162506835523517
emotet,domaiq,7,1.2213543097438913
emotet,domaiq,8,1.219246295922789
emotet,domaiq,9,1.2218889817409235
emotet,domaiq,10,1.2177073960103941
emotet,domaiq,11,1.2209722158484926
emotet,domaiq,12,1.224129756311552
emotet,domaiq,13,1.2249827208808908
emotet,domaiq,14,1.223551047849806
emotet,hotbar,1,1.238612411007554
emotet,hotbar,2,1.247644128399097
emotet,hotbar,3,1.245239137351918
emotet,hotbar,4,1.2366786438737147
emotet,hotbar,5,1.2287242903444529
emotet,hotbar,6,1.225531800699882
emotet,hotbar,7,1.2294620622146808
emotet,hotbar,8,1.226701535567076
emotet,hotbar,9,1.230211830856784
emotet,hotbar,10,1.2266729633980746
emotet,hotbar,11,1.22926911919276
emotet,hotbar,12,1.231674520648749
emotet,hotbar,13,1.2333334812377061
emotet,hotbar,14,1.232183287190824
emotet,hotbar,15,1.2317792586196037
emotet,hotbar,16,1.2312616596720938
emotet,hotbar,17,1.2326211447829756
emotet,hotbar,18,1.2313309614072234
emotet,hotbar,19,1.2323566064699887
emotet,hotbar,20,1.2316653415397565
emotet,hotbar,21,1.2326426766884275
emotet,hotbar,22,1.232243890567939
emotet,hotbar,23,1.1821846734156387
emotet,hotbar,24,1.1837059730744484
emotet,hotbar,25,1.1864625560668207
emotet,hotbar,26,1.1890521932339686
emotet,hotbar,27,1.1914472996985235
emotet,multiplug,1,1.2291224417220126
emotet,multiplug,2,1.2385565368828706
emotet,multiplug,3,1.2384461094483588
emotet,multiplug,4,1.23092850639568
emotet,multiplug,5,1.2238108602443227
emotet,multiplug,6,1.2212686710757303
emotet,multiplug,7,1.2255175132355358
emotet,multiplug,8,1.2231636712418208
emotet,multiplug,9,1.226675594037295
emotet,multiplug,10,1.2229946582835702
emotet,multiplug,11,1.2256487002573402
emotet,multiplug,12,1.228521161450602
emotet,multiplug,13,1.2301976950919236
emotet,multiplug,14,1.229197384079129
emotet,multiplug,15,1.2285649173833726
emotet,multiplug,16,1.2280792522093003
emotet,multiplug,17,1.2294436822584005
emotet,multiplug,18,1.2282287294297562
emotet,multiplug,19,1.2288790613030158
emotet,multiplug,20,1.228216439185413
emotet,multiplug,21,1.2284869718349594
emotet,multiplug,22,1.228290278101039
emotet,multiplug,23,1.1783171143755071
emotet,multiplug,24,1.1798509276925482
emotet,multiplug,25,1.1825755471426795
emotet,multiplug,26,1.1852283964290136
emotet,multiplug,27,1.1876143101307852
emotet,multiplug,28,1.187976512792415
emotet,multiplug,29,1.1837074037922544
emotet,multiplug,30,1.1850542867223133
emotet,multiplug,31,1.1861555541592832
emotet,multiplug,32,1.1877312333017178
emotet,multiplug,33,1.1893541684277622
emotet,multiplug,34,1.18674405436716
emotet,multiplug,35,1.1884703656169262
emotet,dlhelper,1,1.2395399578245763
emotet,dlhelper,2,1.242446953490738
emotet,dlhelper,3,1.241892389504503
emotet,dlhelper,4,1.234252093371433
emotet,dlhelper,5,1.225978794222231
emotet,downloadadmin,1,1.2389932220410342
emotet,downloadadmin,2,1.2480555836349154
emotet,downloadadmin,3,1.2454995813903396
emotet,downloadadmin,4,1.2368592320313783
emotet,downloadadmin,5,1.2288883252385627
emotet,downloadadmin,6,1.2257276869324163
emotet,downloadadmin,7,1.0749759001969776
emotet,downloadadmin,8,1.0887854700116635
emotet,downloadadmin,9,1.1057027347761248
emotet,downloadadmin,10,1.1132468126149875
emotet,downloadadmin,11,1.1251096295232514
emotet,downloadadmin,12,1.1356001338121473
emotet,downloadadmin,13,1.1440326105847047
emotet,downloadadmin,14,1.148784345466919
emotet,downloadadmin,15,1.1535325707938144
emotet,downloadadmin,16,1.1569827418302707
emotet,downloadadmin,17,1.1624407474184135
emotet,downloadadmin,18,1.1647439744211399
emotet,downloadadmin,19,1.1690966610961038
emotet,downloadadmin,20,1.1176194232284717
emotet,downloadadmin,21,1.123470888830771
emotet,downloadadmin,22,1.127556282377344
emotet,downloadadmin,23,1.0816038384741282
emotet,downloadadmin,24,1.0452695243198145
emotet,downloadadmin,25,1.0528195770739992
emotet,downloadadmin,26,1.0598913663102956
emotet,downloadadmin,27,1.0664670942514007
emotet,downloadadmin,28,1.0707564903134044
emotet,downloadadmin,29,1.070054574609607
emotet,downloadadmin,30,1.0749225324424792
emotet,downloadadmin,31,1.0793622008243269
emotet,downloadadmin,32,1.0841985351512635
emotet,downloadadmin,33,1.058475674824904
emotet,downloadadmin,34,1.0598576739419476
emotet,downloadadmin,35,1.0647537661065005
emotet,downloadadmin,36,1.0675204278819712
emotet,downloadadmin,37,1.0668153791318513
emotet,downloadadmin,38,1.0712996330673323
emotet,downloadadmin,39,1.0752562854913692
emotet,downloadadmin,40,1.078796270763704
emotet,downloadadmin,41,1.0821304347800402
emotet,downloadadmin,42,1.0619471266990241
emotet,downloadadmin,43,1.0657306158334383
emotet,downloadadmin,44,1.0696077991785966
emotet,downloadadmin,45,1.0515064567211767
emotet,downloadadmin,46,1.0544877825447903
emotet,downloadadmin,47,1.0571431568689311
emotet,downloadadmin,48,1.060711675732006
emotet,downloadadmin,49,1.0642779461766234
emotet,downloadadmin,50,1.065642585132684
emotet,downloadadmin,51,1.0686268299693593
emotet,downloadadmin,52,1.0718056295156746
emotet,downloadadmin,53,1.0748291583395722
emotet,gamarue,1,1.201534062655114
emotet,gamarue,2,1.2176226514970718
emotet,gamarue,3,0.9317432461889265
emotet,gamarue,4,0.8335883943331962
emotet,gamarue,5,0.8650553274899963
emotet,gamarue,6,0.884938454550998
emotet,gamarue,7,0.8344136129181745
emotet,gamarue,8,0.8602096110206865
emotet,gamarue,9,0.8890377921394633
emotet,gamarue,10,0.8534536598833005
emotet,gamarue,11,0.8763921106849897
emotet,gamarue,12,0.897932885615251
emotet,gamarue,13,0.9165629715220921
emotet,gamarue,14,0.8904507669121668
emotet,gamarue,15,0.9032158709094615
emotet,gamarue,16,0.8850847606902243
emotet,gamarue,17,0.8978977476985888
emotet,gamarue,18,0.8827607817955897
emotet,gamarue,19,0.883810105687601
emotet,gamarue,20,0.8925342315771568
emotet,gamarue,21,0.9028357209164308
emotet,gamarue,22,0.910301073224855
emotet,gamarue,23,0.8671404913125618
emotet,gamarue,24,0.8473087958371107
emotet,gamarue,25,0.8586820667043653
emotet,gamarue,26,0.8469478189139668
emotet,gamarue,27,0.8572349978353965
emotet,gamarue,28,0.8472827786149292
emotet,gamarue,29,0.8345238778692737
emotet,gamarue,30,0.8419654261078656
emotet,gamarue,31,0.8486835585356616
emotet,gamarue,32,0.8562087929393627
emotet,gamarue,33,0.863876083938987
emotet,gamarue,34,0.8670085743445652
emotet,gamarue,35,0.8739691862323747
emotet,gamarue,36,0.8783493608805655
emotet,gamarue,37,0.8619691425898748
emotet,gamarue,38,0.8686996407071454
emotet,gamarue,39,0.8606535570046874
emotet,gamarue,40,0.8670052472084513
emotet,darkkomet,1,1.0753579212201605
emotet,darkkomet,2,0.9216172440880696
emotet,darkkomet,3,0.9085273372152597
emotet,darkkomet,4,0.8957838485707658
emotet,darkkomet,5,0.9114056863739467
emotet,darkkomet,6,0.8932870660249197
emotet,darkkomet,7,0.8877304586878587
emotet,darkkomet,8,0.8896837384891829
emotet,darkkomet,9,0.8951070060556359
emotet,darkkomet,10,0.8987979267628491
emotet,darkkomet,11,0.8767935118988387
emotet,darkkomet,12,0.8903261417560556
emotet,darkkomet,13,0.9018219629194155
emotet,darkkomet,14,0.9096774904268097
emotet,darkkomet,15,0.9204469762065872
emotet,darkkomet,16,0.93075285549012
emotet,darkkomet,17,0.9428026977035754
emotet,darkkomet,18,0.9271115877048124
emotet,darkkomet,19,0.9349755224433509
emotet,darkkomet,20,0.9363933231291706
emotet,delf,1,1.1745602131913098
emotet,delf,2,1.2115435000000416
emotet,delf,3,1.2203679216097303
emotet,delf,4,1.2164947891684206
emotet,delf,5,1.2113139465318223
emotet,delf,6,1.2074360531745727
emotet,delf,7,1.213625284400426
emotet,delf,8,1.2104045367878518
emotet,delf,9,1.2098067660479308
emotet,delf,10,1.2081002571397663
emotet,delf,11,1.2120223771492318
emotet,delf,12,1.2137430157419504
emotet,delf,13,1.2157035783075885
emotet,delf,14,1.215273432266299
emotet,delf,15,1.2159334661183072
emotet,delf,16,1.2157487593738814
emotet,delf,17,1.2180292178628234
emotet,delf,18,1.217258013232964
emotet,delf,19,1.218565964909535
emotet,delf,20,1.2181571021659354
emotet,gamehack,1,1.1967103312219207
emotet,gamehack,2,0.9349926093785469
emotet,gamehack,3,0.9669871667410928
emotet,gamehack,4,0.9996872997875221
emotet,gamehack,5,1.0195022883545015
emotet,gamehack,6,1.0384258814007323
emotet,gamehack,7,1.0576543359078205
emotet,gamehack,8,1.070240886482623
emotet,gamehack,9,1.0800069036913529
emotet,gamehack,10,1.0874432909484517
emotet,gamehack,11,1.0965025101424102
emotet,gamehack,12,1.108511520099574
emotet,fareit,1,1.237429144253193
emotet,fareit,2,1.2461166398413095
emotet,fareit,3,1.2435391807547254
emotet,fareit,4,1.2335059772282029
emotet,fareit,5,1.2244424075431253
emotet,fareit,6,1.2190348613057262
emotet,fareit,7,1.2230953532958677
emotet,fareit,8,1.2157683816465095
emotet,fareit,9,1.2203041116095539
emotet,fareit,10,1.2175432897727005
emotet,fareit,11,1.2206304031501012
emotet,fareit,12,1.2236320742569973
emotet,fareit,13,1.2253406652346965
emotet,fareit,14,1.2241873718887861
emotet,fareit,15,1.1462530508808304
emotet,fareit,16,1.1506525124086542
emotet,fareit,17,1.1564616568125698
emotet,fareit,18,1.159012247764736
emotet,fareit,19,1.1636363813239294
emotet,fareit,20,1.1661050677985787
emotet,fareit,21,1.1698743776663814
driverpack,benign,1,1.246721339152923
driverpack,benign,2,0.9192333229498133
driverpack,benign,3,0.9712051613993226
driverpack,benign,4,0.9291053475530697
driverpack,benign,5,0.9477237712762211
driverpack,benign,6,0.9731297565618703
driverpack,benign,7,0.9967745893802171
driverpack,benign,8,0.9261354972756303
driverpack,benign,9,0.913243218851809
driverpack,benign,10,0.9324727520625649
driverpack,benign,11,0.9509773370904205
driverpack,benign,12,0.9682935452139998
driverpack,benign,13,0.9835622649144219
driverpack,benign,14,0.9980913941153223
driverpack,gandcrab,1,1.261075034743202
driverpack,gandcrab,2,1.2609883275393883
driverpack,gandcrab,3,1.260824778664359
driverpack,gandcrab,4,1.26082284224823
driverpack,gandcrab,5,1.2608241211613231
driverpack,gandcrab,6,1.2603839726391513
driverpack,gandcrab,7,1.2604219516338446
driverpack,gandcrab,8,1.2605403875958134
driverpack,gandcrab,9,1.2605918330511474
driverpack,gandcrab,10,1.2600791516940073
driverpack,gandcrab,11,1.2600340033049742
driverpack,gandcrab,12,1.260097687604357
driverpack,gandcrab,13,1.260218212802243
driverpack,gandcrab,14,1.2600632014949684
driverpack,downloadguide,1,1.2610059658575703
driverpack,downloadguide,2,1.2606804440441475
driverpack,downloadguide,3,1.2601336291437328
driverpack,downloadguide,4,1.2603258434978737
driverpack,downloadguide,5,1.259702915072821
driverpack,downloadguide,6,1.2596777076959778
driverpack,downloadguide,7,1.259944763222736
driverpack,downloadguide,8,1.259059119199758
driverpack,downloadguide,9,1.25922993526941
driverpack,downloadguide,10,1.2576977984834738
driverpack,downloadguide,11,1.2580088245621106
driverpack,downloadguide,12,1.2572754600356872
driverpack,downloadguide,13,1.2575885174042707
driverpack,downloadguide,14,1.2571858067072457
driverpack,firseria,1,1.2598707013172934
driverpack,firseria,2,1.2595886279983275
driverpack,firseria,3,1.257414279276627
driverpack,firseria,4,1.2580326043805279
driverpack,firseria,5,1.2582551927405359
driverpack,firseria,6,1.2584142537453498
driverpack,firseria,7,1.258718183765734
driverpack,firseria,8,1.2579677157421747
driverpack,firseria,9,1.2581466039211493
driverpack,firseria,10,1.2574278091340707
driverpack,firseria,11,1.2568480128918422
driverpack,firseria,12,1.2570866117919324
driverpack,firseria,13,1.2572860468947211
driverpack,firseria,14,1.2574435572408813
driverpack,emotet,1,1.2368651174773198
driverpack,emotet,2,1.2459126278188568
driverpack,emotet,3,1.2432784648696136
driverpack,emotet,4,1.23474819622481
driverpack,emotet,5,1.2266906549617138
driverpack,emotet,6,1.2234955191523205
driverpack,emotet,7,1.2275735903119838
driverpack,emotet,8,1.2248833001326183
driverpack,emotet,9,1.228376222895029
driverpack,emotet,10,1.224235937533793
driverpack,emotet,11,1.226880032425877
driverpack,emotet,12,1.2294938820942678
driverpack,emotet,13,1.231198775402064
driverpack,emotet,14,1.2300705145355886
driverpack,domaiq,1,1.2592439315120239
driverpack,domaiq,2,1.2522644807608014
driverpack,domaiq,3,1.2503557731752697
driverpack,domaiq,4,1.2528174074596956
driverpack,domaiq,5,1.252178731349297
driverpack,domaiq,6,1.2511957571212413
driverpack,domaiq,7,1.252340858413191
driverpack,domaiq,8,1.2530322586501015
driverpack,domaiq,9,1.2521823503881833
driverpack,domaiq,10,1.2510217055600887
driverpack,domaiq,11,1.2517393126044014
driverpack,domaiq,12,1.2522934671704573
driverpack,domaiq,13,1.2516156820471203
driverpack,domaiq,14,1.2513906145017002
driverpack,hotbar,1,1.2600054942807124
driverpack,hotbar,2,1.2599876463692181
driverpack,hotbar,3,1.2598280663639336
driverpack,hotbar,4,1.2601117412184544
driverpack,hotbar,5,1.2601019153521524
driverpack,hotbar,6,1.2600779586931432
driverpack,hotbar,7,1.2601399754957279
driverpack,hotbar,8,1.2601796718523806
driverpack,hotbar,9,1.2601974263943336
driverpack,hotbar,10,1.2596234524760124
driverpack,hotbar,11,1.2597257007705744
driverpack,hotbar,12,1.2595805316996993
driverpack,hotbar,13,1.259693118921052
driverpack,hotbar,14,1.2597271888543902
driverpack,multiplug,1,1.2508641053815954
driverpack,multiplug,2,1.2511335496247482
driverpack,multiplug,3,1.2532321767700838
driverpack,multiplug,4,1.2545970289863029
driverpack,multiplug,5,1.2554368902630872
driverpack,multiplug,6,1.2560489434932678
driverpack,multiplug,7,1.2563954354010316
driverpack,multiplug,8,1.256849837090456
driverpack,multiplug,9,1.2568545310784733
driverpack,multiplug,10,1.2561553078980146
driverpack,multiplug,11,1.2563031809003886
driverpack,multiplug,12,1.2565940176439176
driverpack,multiplug,13,1.2567177928290034
driverpack,multiplug,14,1.2568987364436244
driverpack,dlhelper,1,1.2609133798629149
driverpack,dlhelper,2,1.2548785437831635
driverpack,dlhelper,3,1.2565470078157475
driverpack,dlhelper,4,1.2577575663583151
driverpack,dlhelper,5,1.2574654229364288
driverpack,downloadadmin,1,1.2598617905007652
driverpack,downloadadmin,2,1.2600470854151187
driverpack,downloadadmin,3,1.2599058863620303
driverpack,downloadadmin,4,1.260079349907679
driverpack,downloadadmin,5,1.2600658430600862
driverpack,downloadadmin,6,1.2600045300910883
driverpack,downloadadmin,7,1.105461259208656
driverpack,downloadadmin,8,1.1220584945780288
driverpack,downloadadmin,9,1.1354492777463339
driverpack,downloadadmin,10,1.1459557293846254
driverpack,downloadadmin,11,1.1553317441756144
driverpack,downloadadmin,12,1.163234318310764
driverpack,downloadadmin,13,1.1701207837726744
driverpack,downloadadmin,14,1.1760491550129801
driverpack,gamarue,1,1.224036430702566
driverpack,gamarue,2,1.230496911656454
driverpack,gamarue,3,0.9493709645618196
driverpack,gamarue,4,0.8605477656127678
driverpack,gamarue,5,0.9005555000153551
driverpack,gamarue,6,0.924484691707842
driverpack,gamarue,7,0.8709972602367787
driverpack,gamarue,8,0.8994049284256364
driverpack,gamarue,9,0.9237308656987118
driverpack,gamarue,10,0.8910779154004187
driverpack,gamarue,11,0.9108133413233885
driverpack,gamarue,12,0.929186955398511
driverpack,gamarue,13,0.9458934403447224
driverpack,gamarue,14,0.9208951778142294
driverpack,darkkomet,1,1.1016305430649784
driverpack,darkkomet,2,0.9363272077610568
driverpack,darkkomet,3,0.9262379414173008
driverpack,darkkomet,4,0.9232168761657403
driverpack,darkkomet,5,0.9472941141814153
driverpack,darkkomet,6,0.9333517646588247
driverpack,darkkomet,7,0.9232396745743723
driverpack,darkkomet,8,0.9290996925007284
driverpack,darkkomet,9,0.9299463179030866
driverpack,darkkomet,10,0.9366716492792189
driverpack,darkkomet,11,0.9122459245426346
driverpack,darkkomet,12,0.9225177567882856
driverpack,darkkomet,13,0.9320461429954532
driverpack,darkkomet,14,0.941162455770474
driverpack,delf,1,1.1973493837487617
driverpack,delf,2,1.2241072054257063
driverpack,delf,3,1.235134074833518
driverpack,delf,4,1.2397698346610153
driverpack,delf,5,1.2425515299612315
driverpack,delf,6,1.2412805861971703
driverpack,delf,7,1.243612136129444
driverpack,delf,8,1.2434118899310482
driverpack,delf,9,1.2350140319835268
driverpack,delf,10,1.2367728816079127
driverpack,delf,11,1.238372178813813
driverpack,delf,12,1.2378218663493217
driverpack,delf,13,1.23846927387831
driverpack,delf,14,1.2392265189455003
driverpack,gamehack,1,1.2192700897364324
driverpack,gamehack,2,0.9481038574066881
driverpack,gamehack,3,0.9821918218502247
driverpack,gamehack,4,1.0239640023853473
driverpack,gamehack,5,1.052198301717735
driverpack,gamehack,6,1.0745088423981484
driverpack,gamehack,7,1.0897913711148866
driverpack,gamehack,8,1.105232547205616
driverpack,gamehack,9,1.1115169718095876
driverpack,gamehack,10,1.121963113819691
driverpack,gamehack,11,1.128462893399413
driverpack,gamehack,12,1.1376698027606142
driverpack,fareit,1,1.2588623451548882
driverpack,fareit,2,1.2584878964138624
driverpack,fareit,3,1.2581622266795711
driverpack,fareit,4,1.2570362019714634
driverpack,fareit,5,1.2559944924652462
driverpack,fareit,6,1.2538692219316054
driverpack,fareit,7,1.2540241463625503
driverpack,fareit,8,1.2497029398246817
driverpack,fareit,9,1.2506591211389906
driverpack,fareit,10,1.2508678608355492
driverpack,fareit,11,1.2514142931405834
driverpack,fareit,12,1.2518168848527602
driverpack,fareit,13,1.2519625989364949
driverpack,fareit,14,1.2520076625573127
domaiq,benign,1,1.2476669693511244
domaiq,benign,2,0.9128240595495396
domaiq,benign,3,0.9633048453830874
domaiq,benign,4,0.9235144315437464
domaiq,benign,5,0.9415857363371033
domaiq,benign,6,0.9660167707947569
domaiq,benign,7,0.9906509723697435
domaiq,benign,8,0.92038525280048
domaiq,benign,9,0.906372201051091
domaiq,benign,10,0.9256477954893056
domaiq,benign,11,0.9448296899392297
domaiq,benign,12,0.9627316556109347
domaiq,benign,13,0.9771322972570882
domaiq,benign,14,0.9913883447118316
domaiq,gandcrab,1,1.262001635108613
domaiq,gandcrab,2,1.2549827155772992
domaiq,gandcrab,3,1.2532993580318825
domaiq,gandcrab,4,1.2554107372896048
domaiq,gandcrab,5,1.2548629714181843
domaiq,gandcrab,6,1.2534562360118895
domaiq,gandcrab,7,1.2544424598778452
domaiq,gandcrab,8,1.2551382755472769
domaiq,gandcrab,9,1.2543503074409554
domaiq,gandcrab,10,1.2538231841510892
domaiq,gandcrab,11,1.2543523127793121
domaiq,gandcrab,12,1.2549210455258533
domaiq,gandcrab,13,1.2542139919003876
domaiq,gandcrab,14,1.2537745957959074
domaiq,downloadguide,1,1.2619473000396777
domaiq,downloadguide,2,1.254770061415622
domaiq,downloadguide,3,1.2527671396975393
domaiq,downloadguide,4,1.2550425647451644
domaiq,downloadguide,5,1.2538863490750844
domaiq,downloadguide,6,1.252873901512043
domaiq,downloadguide,7,1.2540804156386631
domaiq,downloadguide,8,1.2537643446288032
domaiq,downloadguide,9,1.2530840422924996
domaiq,downloadguide,10,1.2516586435873456
domaiq,downloadguide,11,1.2525384281539425
domaiq,downloadguide,12,1.252294888553483
domaiq,downloadguide,13,1.2517660943258586
domaiq,downloadguide,14,1.2511008938466106
domaiq,firseria,1,1.260800607024772
domaiq,firseria,2,1.2535742864896227
domaiq,firseria,3,1.2498577528763004
domaiq,firseria,4,1.2526033403423562
domaiq,firseria,5,1.252276147434268
domaiq,firseria,6,1.251471048285834
domaiq,firseria,7,1.2527277185205716
domaiq,firseria,8,1.2525499777767124
domaiq,firseria,9,1.2518876890618147
domaiq,firseria,10,1.2511529227442417
domaiq,firseria,11,1.2511455272844776
domaiq,firseria,12,1.2518924260117559
domaiq,firseria,13,1.2512618155187212
domaiq,firseria,14,1.2511364168420431
domaiq,emotet,1,1.2378269694191026
domaiq,emotet,2,1.239788202063383
domaiq,emotet,3,1.2355805223485445
domaiq,emotet,4,1.2291624195696929
domaiq,emotet,5,1.2204795031769367
domaiq,emotet,6,1.2162506835523517
domaiq,emotet,7,1.2213543097438913
domaiq,emotet,8,1.219246295922789
domaiq,emotet,9,1.2218889817409235
domaiq,emotet,10,1.2177073960103941
domaiq,emotet,11,1.2209722158484926
domaiq,emotet,12,1.224129756311552
domaiq,emotet,13,1.2249827208808908
domaiq,emotet,14,1.223551047849806
domaiq,driverpack,1,1.2592439315120239
domaiq,driverpack,2,1.2522644807608014
domaiq,driverpack,3,1.25035577317527
domaiq,driverpack,4,1.2528174074596956
domaiq,driverpack,5,1.2521787313492974
domaiq,driverpack,6,1.2511957571212413
domaiq,driverpack,7,1.252340858413191
domaiq,driverpack,8,1.2530322586501015
domaiq,driverpack,9,1.2521823503881833
domaiq,driverpack,10,1.2510217055600887
domaiq,driverpack,11,1.2517393126044014
domaiq,driverpack,12,1.2522934671704573
domaiq,driverpack,13,1.2516156820471203
domaiq,driverpack,14,1.2513906145017002
domaiq,hotbar,1,1.2609357200842863
domaiq,hotbar,2,1.2539777860135066
domaiq,hotbar,3,1.2522968313196088
domaiq,hotbar,4,1.254698401303579
domaiq,hotbar,5,1.2541389392174525
domaiq,hotbar,6,1.2531512647292575
domaiq,hotbar,7,1.2541619966719262
domaiq,hotbar,8,1.2547786034241508
domaiq,hotbar,9,1.2539562988329775
domaiq,hotbar,10,1.253367976248407
domaiq,hotbar,11,1.254045875659661
domaiq,hotbar,12,1.254404417507872
domaiq,hotbar,13,1.2536889289633768
domaiq,hotbar,14,1.2534399426723233
domaiq,multiplug,1,1.2517862969700286
domaiq,multiplug,2,1.245034418080867
domaiq,multiplug,3,1.2456186204989095
domaiq,multiplug,4,1.2491304150651181
domaiq,multiplug,5,1.2494238668271047
domaiq,multiplug,6,1.2490729163510874
domaiq,multiplug,7,1.250376049321531
domaiq,multiplug,8,1.251413923546474
domaiq,multiplug,9,1.2505744698249632
domaiq,multiplug,10,1.2498590138053132
domaiq,multiplug,11,1.2505857759045629
domaiq,multiplug,12,1.2513861581012506
domaiq,multiplug,13,1.2506786796980338
domaiq,multiplug,14,1.2505768927776457
domaiq,dlhelper,1,1.2618405494306022
domaiq,dlhelper,2,1.2488262621520634
domaiq,dlhelper,3,1.248980506826006
domaiq,dlhelper,4,1.2523249568271988
domaiq,dlhelper,5,1.2514788889753596
domaiq,downloadadmin,1,1.2613547593666885
domaiq,downloadadmin,2,1.254410594588049
domaiq,downloadadmin,3,1.2526818780731974
domaiq,downloadadmin,4,1.2549748982104316
domaiq,downloadadmin,5,1.2543828691335754
domaiq,downloadadmin,6,1.2534135791900503
domaiq,downloadadmin,7,1.0997518844620537
domaiq,downloadadmin,8,1.1169315468282368
domaiq,downloadadmin,9,1.1295074715505427
domaiq,downloadadmin,10,1.1400011536309305
domaiq,downloadadmin,11,1.1499433455253856
domaiq,downloadadmin,12,1.1583762477838926
domaiq,downloadadmin,13,1.164431453817167
domaiq,downloadadmin,14,1.1700900799563878
domaiq,gamarue,1,1.2250134960574934
domaiq,gamarue,2,1.2242568480615992
domaiq,gamarue,3,0.9402648862703444
domaiq,gamarue,4,0.8542643676201105
domaiq,gamarue,5,0.8937568751444642
domaiq,gamarue,6,0.9165045511912521
domaiq,gamarue,7,0.8637122410860749
domaiq,gamarue,8,0.8929469715302449
domaiq,gamarue,9,0.9163883184232821
domaiq,gamarue,10,0.8838235137820569
domaiq,gamarue,11,0.9042924871016119
domaiq,gamarue,12,0.9232956050868445
domaiq,gamarue,13,0.9391263695142638
domaiq,gamarue,14,0.9138667870066817
domaiq,darkkomet,1,1.1027570816424555
domaiq,darkkomet,2,0.9292183269556428
domaiq,darkkomet,3,0.9171355407766004
domaiq,darkkomet,4,0.9168928250345048
domaiq,darkkomet,5,0.9404904594115435
domaiq,darkkomet,6,0.9253586262018357
domaiq,darkkomet,7,0.9163601387072573
domaiq,darkkomet,8,0.9227711879171367
domaiq,darkkomet,9,0.922716719459035
domaiq,darkkomet,10,0.9295167711275484
domaiq,darkkomet,11,0.9056630742121322
domaiq,darkkomet,12,0.9165668047978501
domaiq,darkkomet,13,0.9251793639798015
domaiq,darkkomet,14,0.9339942957506888
domaiq,delf,1,1.1987240051987502
domaiq,delf,2,1.2181101505515963
domaiq,delf,3,1.2275977857645377
domaiq,delf,4,1.2348942172601283
domaiq,delf,5,1.237192050284579
domaiq,delf,6,1.235562667336966
domaiq,delf,7,1.2387185382863932
domaiq,delf,8,1.2389219688697357
domaiq,delf,9,1.2340279579702589
domaiq,delf,10,1.2352883262579935
domaiq,delf,11,1.2372203603251513
domaiq,delf,12,1.2368778881714735
domaiq,delf,13,1.2364135686864488
domaiq,delf,14,1.2368914867959497
domaiq,gamehack,1,1.2202824596541257
domaiq,gamehack,2,0.9417353828735211
domaiq,gamehack,3,0.9743485369525396
domaiq,gamehack,4,1.018359765437742
domaiq,gamehack,5,1.0459896817154553
domaiq,gamehack,6,1.0672788647678482
domaiq,gamehack,7,1.083563291675382
domaiq,gamehack,8,1.0996351451694717
domaiq,gamehack,9,1.1049936666278422
domaiq,gamehack,10,1.115470186544921
domaiq,gamehack,11,1.1225718300616987
domaiq,gamehack,12,1.1323243230246258
domaiq,fareit,1,1.2597956174358966
domaiq,fareit,2,1.252467701962964
domaiq,fareit,3,1.2506158593860819
domaiq,fareit,4,1.2516024431698798
domaiq,fareit,5,1.2500005561788032
domaiq,fareit,6,1.2468871858458233
domaiq,fareit,7,1.2479993664203621
domaiq,fareit,8,1.2442303870737894
domaiq,fareit,9,1.244342688493996
domaiq,fareit,10,1.2445433573245115
domaiq,fareit,11,1.2456752652716574
domaiq,fareit,12,1.246590679129842
domaiq,fareit,13,1.2459001702476946
domaiq,fareit,14,1.2456591848863456
hotbar,benign,1,1.2484425259463596
hotbar,benign,2,0.9212975703531251
hotbar,benign,3,0.9733822915429946
hotbar,benign,4,0.9311630904881425
hotbar,benign,5,0.9498261464652085
hotbar,benign,6,0.9752014016656398
hotbar,benign,7,0.998697015093124
hotbar,benign,8,0.9280459433419483
hotbar,benign,9,0.9152356590894619
hotbar,benign,10,0.9350614835162059
hotbar,benign,11,0.9535046265881445
hotbar,benign,12,0.9705923068042723
hotbar,benign,13,0.9858060437994347
hotbar,benign,14,1.0002950903707917
hotbar,benign,15,1.007274808346336
hotbar,benign,16,0.9766420586737534
hotbar,benign,17,0.9400934196845769
hotbar,benign,18,0.9131967090109169
hotbar,benign,19,0.8973530764491331
hotbar,benign,20,0.9083727159582211
hotbar,benign,21,0.9189453600639141
hotbar,benign,22,0.9003968457637171
hotbar,benign,23,0.8852818012069775
hotbar,benign,24,0.8945401024483579
hotbar,benign,25,0.8818272212065765
hotbar,benign,26,0.8729206096658636
hotbar,benign,27,0.8807796657959694
hotbar,gandcrab,1,1.2627616685301177
hotbar,gandcrab,2,1.262681216662883
hotbar,gandcrab,3,1.2627382542315024
hotbar,gandcrab,4,1.262683200806875
hotbar,gandcrab,5,1.2627611577234918
hotbar,gandcrab,6,1.262314495731981
hotbar,gandcrab,7,1.2622224171311007
hotbar,gandcrab,8,1.2622682194848234
hotbar,gandcrab,9,1.2623449393845536
hotbar,gandcrab,10,1.2623962592652633
hotbar,gandcrab,11,1.262314229217491
hotbar,gandcrab,12,1.2621858268890462
hotbar,gandcrab,13,1.2622669594747227
hotbar,gandcrab,14,1.262087648219334
hotbar,gandcrab,15,1.2621033514582392
hotbar,gandcrab,16,1.2621236871190806
hotbar,gandcrab,17,1.2620832185482191
hotbar,gandcrab,18,1.262139507826893
hotbar,gandcrab,19,1.262126487399411
hotbar,gandcrab,20,1.2621729192939544
hotbar,gandcrab,21,1.2621970622253165
hotbar,gandcrab,22,1.2622191526410438
hotbar,gandcrab,23,1.2622534559553673
hotbar,gandcrab,24,1.2622946065265732
hotbar,gandcrab,25,1.2622672981074976
hotbar,gandcrab,26,1.2622892719038736
hotbar,gandcrab,27,1.2623240139737821
hotbar,downloadguide,1,1.2627061663569727
hotbar,downloadguide,2,1.2624688655313876
hotbar,downloadguide,3,1.2622106213304054
hotbar,downloadguide,4,1.2623167598784573
hotbar,downloadguide,5,1.2617926900178706
hotbar,downloadguide,6,1.261737202747368
hotbar,downloadguide,7,1.2618623955695933
hotbar,downloadguide,8,1.2609043579770913
hotbar,downloadguide,9,1.2610891850041246
hotbar,downloadguide,10,1.2602523095544882
hotbar,downloadguide,11,1.2605157742724709
hotbar,downloadguide,12,1.2595803032911028
hotbar,downloadguide,13,1.2598403975512054
hotbar,downloadguide,14,1.2594383741109878
hotbar,downloadguide,15,1.2589505842289346
hotbar,downloadguide,16,1.2590984027318108
hotbar,downloadguide,17,1.2593148620660306
hotbar,downloadguide,18,1.2587687740606466
hotbar,downloadguide,19,1.2589112287492448
hotbar,downloadguide,20,1.2590918816626968
hotbar,downloadguide,21,1.2588394578956934
hotbar,downloadguide,22,1.258622092153003
hotbar,downloadguide,23,1.2587753298587345
hotbar,downloadguide,24,1.258522309545568
hotbar,downloadguide,25,1.258690104869515
hotbar,downloadguide,26,1.2588066904051671
hotbar,downloadguide,27,1.2589235428123058
hotbar,firseria,1,1.261556604462265
hotbar,firseria,2,1.2612813216045458
hotbar,firseria,3,1.2592573615217275
hotbar,firseria,4,1.2598398233851293
hotbar,firseria,5,1.2601501412752618
hotbar,firseria,6,1.2603083908190502
hotbar,firseria,7,1.2604866422047494
hotbar,firseria,8,1.2596566074269975
hotbar,firseria,9,1.2598652191578044
hotbar,firseria,10,1.2597151886625215
hotbar,firseria,11,1.2590926923487942
hotbar,firseria,12,1.259141288383185
hotbar,firseria,13,1.259303408359506
hotbar,firseria,14,1.259438510762131
hotbar,firseria,15,1.2596134467314744
hotbar,firseria,16,1.2587121579466105
hotbar,firseria,17,1.258048230730998
hotbar,firseria,18,1.2582576438448156
hotbar,firseria,19,1.2579425902443728
hotbar,firseria,20,1.2580963423519609
hotbar,firseria,21,1.258237863564526
hotbar,firseria,22,1.2583796781268317
hotbar,firseria,23,1.2585273418258198
hotbar,firseria,24,1.2586239272065347
hotbar,firseria,25,1.258709875566176
hotbar,firseria,26,1.2588144099652319
hotbar,firseria,27,1.2589316416024658
hotbar,emotet,1,1.238612411007554
hotbar,emotet,2,1.247644128399097
hotbar,emotet,3,1.245239137351918
hotbar,emotet,4,1.2366786438737147
hotbar,emotet,5,1.2287242903444529
hotbar,emotet,6,1.225531800699882
hotbar,emotet,7,1.2294620622146808
hotbar,emotet,8,1.226701535567076
hotbar,emotet,9,1.2302118308567842
hotbar,emotet,10,1.2266729633980749
hotbar,emotet,11,1.22926911919276
hotbar,emotet,12,1.231674520648749
hotbar,emotet,13,1.2333334812377061
hotbar,emotet,14,1.232183287190824
hotbar,emotet,15,1.2317792586196037
hotbar,emotet,16,1.2312616596720938
hotbar,emotet,17,1.2326211447829754
hotbar,emotet,18,1.2313309614072234
hotbar,emotet,19,1.2323566064699887
hotbar,emotet,20,1.2316653415397565
hotbar,emotet,21,1.2326426766884275
hotbar,emotet,22,1.232243890567939
hotbar,emotet,23,1.1821846734156387
hotbar,emotet,24,1.1837059730744484
hotbar,emotet,25,1.1864625560668207
hotbar,emotet,26,1.1890521932339686
hotbar,emotet,27,1.1914472996985235
hotbar,driverpack,1,1.2600054942807124
hotbar,driverpack,2,1.2599876463692181
hotbar,driverpack,3,1.2598280663639336
hotbar,driverpack,4,1.2601117412184544
hotbar,driverpack,5,1.2601019153521524
hotbar,driverpack,6,1.2600779586931434
hotbar,driverpack,7,1.2601399754957279
hotbar,driverpack,8,1.2601796718523806
hotbar,driverpack,9,1.2601974263943336
hotbar,driverpack,10,1.2596234524760124
hotbar,driverpack,11,1.2597257007705744
hotbar,driverpack,12,1.2595805316996993
hotbar,driverpack,13,1.259693118921052
hotbar,driverpack,14,1.2597271888543902
hotbar,domaiq,1,1.2609357200842863
hotbar,domaiq,2,1.2539777860135066
hotbar,domaiq,3,1.2522968313196088
hotbar,domaiq,4,1.254698401303579
hotbar,domaiq,5,1.2541389392174525
hotbar,domaiq,6,1.2531512647292575
hotbar,domaiq,7,1.2541619966719264
hotbar,domaiq,8,1.2547786034241508
hotbar,domaiq,9,1.2539562988329775
hotbar,domaiq,10,1.253367976248407
hotbar,domaiq,11,1.2540458756596609
hotbar,domaiq,12,1.254404417507872
hotbar,domaiq,13,1.2536889289633768
hotbar,domaiq,14,1.2534399426723233
hotbar,multiplug,1,1.2524456070478613
hotbar,multiplug,2,1.2527192341904936
hotbar,multiplug,3,1.255056420431751
hotbar,multiplug,4,1.2563768280234013
hotbar,multiplug,5,1.257301729818864
hotbar,multiplug,6,1.2579120534171
hotbar,multiplug,7,1.2581287605077909
hotbar,multiplug,8,1.258514703466252
hotbar,multiplug,9,1.258543795847467
hotbar,multiplug,10,1.2584105309676725
hotbar,multiplug,11,1.2585220005782434
hotbar,multiplug,12,1.2586234044615647
hotbar,multiplug,13,1.2587080356064686
hotbar,multiplug,14,1.2588657594293857
hotbar,multiplug,15,1.2589257027765783
hotbar,multiplug,16,1.2589169613607165
hotbar,multiplug,17,1.2589444038725803
hotbar,multiplug,18,1.2590462691868918
hotbar,multiplug,19,1.2586705197523056
hotbar,multiplug,20,1.2587257790793362
hotbar,multiplug,21,1.2580356597916114
hotbar,multiplug,22,1.2582117263812527
hotbar,multiplug,23,1.2583666274165575
hotbar,multiplug,24,1.2584030572273346
hotbar,multiplug,25,1.2583572355871877
hotbar,multiplug,26,1.2584014993916435
hotbar,multiplug,27,1.2584085407347518
hotbar,dlhelper,1,1.262600801676073
hotbar,dlhelper,2,1.2565852918015585
hotbar,dlhelper,3,1.258471407820601
hotbar,dlhelper,4,1.2596255904414746
hotbar,dlhelper,5,1.2594112063457585
hotbar,downloadadmin,1,1.2621146005538026
hotbar,downloadadmin,2,1.2621133137034972
hotbar,downloadadmin,3,1.2621269635998236
hotbar,downloadadmin,4,1.2622503604241513
hotbar,downloadadmin,5,1.2622849644994592
hotbar,downloadadmin,6,1.2622715251362644
hotbar,downloadadmin,7,1.1075415718676704
hotbar,downloadadmin,8,1.1240696440680584
hotbar,downloadadmin,9,1.1375105422378993
hotbar,downloadadmin,10,1.1485830114158306
hotbar,downloadadmin,11,1.1579115705629923
hotbar,downloadadmin,12,1.1656462747871859
hotbar,downloadadmin,13,1.1724900032209742
hotbar,downloadadmin,14,1.17840689771654
hotbar,downloadadmin,15,1.1836261928210035
hotbar,downloadadmin,16,1.1875874123780654
hotbar,downloadadmin,17,1.1917180227653095
hotbar,downloadadmin,18,1.195425601820578
hotbar,downloadadmin,19,1.1987446784077513
hotbar,downloadadmin,20,1.1481152197393802
hotbar,downloadadmin,21,1.1529719808836323
hotbar,downloadadmin,22,1.157432592465973
hotbar,downloadadmin,23,1.1615598399568607
hotbar,downloadadmin,24,1.1237307397350897
hotbar,downloadadmin,25,1.1285104454291246
hotbar,downloadadmin,26,1.1329804396158982
hotbar,downloadadmin,27,1.1371784110855647
hotbar,gamarue,1,1.2257965850275583
hotbar,gamarue,2,1.2322491918710852
hotbar,gamarue,3,0.9514729632124351
hotbar,gamarue,4,0.8625432859233529
hotbar,gamarue,5,0.9026313470886215
hotbar,gamarue,6,0.9265797731346052
hotbar,gamarue,7,0.8729905650891978
hotbar,gamarue,8,0.9012930598493576
hotbar,gamarue,9,0.9256394759985794
hotbar,gamarue,10,0.8936172164688334
hotbar,gamarue,11,0.9132939378209817
hotbar,gamarue,12,0.9314387003369725
hotbar,gamarue,13,0.948092368031671
hotbar,gamarue,14,0.9230571731660935
hotbar,gamarue,15,0.9362383744558395
hotbar,gamarue,16,0.918465690992619
hotbar,gamarue,17,0.9297179454349278
hotbar,gamarue,18,0.9159769636106625
hotbar,gamarue,19,0.9163129779129519
hotbar,gamarue,20,0.9257146612886263
hotbar,gamarue,21,0.9348277792409365
hotbar,gamarue,22,0.9426855896832493
hotbar,gamarue,23,0.9509511434432492
hotbar,gamarue,24,0.9303038595251943
hotbar,gamarue,25,0.9385969613585998
hotbar,gamarue,26,0.9245116618875776
hotbar,gamarue,27,0.9321385659035264
hotbar,darkkomet,1,1.1036807924558225
hotbar,darkkomet,2,0.9383353549564216
hotbar,darkkomet,3,0.928555552465901
hotbar,darkkomet,4,0.9253917372515852
hotbar,darkkomet,5,0.9494997365284157
hotbar,darkkomet,6,0.9355760355788444
hotbar,darkkomet,7,0.9253104773128514
hotbar,darkkomet,8,0.9311243352690952
hotbar,darkkomet,9,0.9319758451054404
hotbar,darkkomet,10,0.9393195968578585
hotbar,darkkomet,11,0.9148867678347793
hotbar,darkkomet,12,0.9249171297322015
hotbar,darkkomet,13,0.9343871053874165
hotbar,darkkomet,14,0.943467219250233
hotbar,darkkomet,15,0.9545238547136852
hotbar,darkkomet,16,0.9651727916153077
hotbar,darkkomet,17,0.9755298142731913
hotbar,darkkomet,18,0.9619307058244738
hotbar,darkkomet,19,0.9685888112479761
hotbar,darkkomet,20,0.9709262860651234
hotbar,delf,1,1.1995587067615783
hotbar,delf,2,1.2261820041456397
hotbar,delf,3,1.2373424799194481
hotbar,delf,4,1.2423567984990473
hotbar,delf,5,1.2452696993168533
hotbar,delf,6,1.244661410040743
hotbar,delf,7,1.2466893574166025
hotbar,delf,8,1.2462715758159697
hotbar,delf,9,1.2422909883113826
hotbar,delf,10,1.2441179556147368
hotbar,delf,11,1.2454056728421317
hotbar,delf,12,1.2443555563597468
hotbar,delf,13,1.2446910372054822
hotbar,delf,14,1.245422406438343
hotbar,delf,15,1.2465174621895603
hotbar,delf,16,1.2468212316008636
hotbar,delf,17,1.2477237051177892
hotbar,delf,18,1.2482833007931058
hotbar,delf,19,1.2485423080436222
hotbar,delf,20,1.2488630958584026
hotbar,gamehack,1,1.2210858705225185
hotbar,gamehack,2,0.9499144319304195
hotbar,gamehack,3,0.984126732574069
hotbar,gamehack,4,1.025849869415394
hotbar,gamehack,5,1.054191934792144
hotbar,gamehack,6,1.076506998172962
hotbar,gamehack,7,1.0917052024384215
hotbar,gamehack,8,1.1070823256235753
hotbar,gamehack,9,1.1075168806257982
hotbar,gamehack,10,1.11917290746598
hotbar,gamehack,11,1.1261339273065554
hotbar,gamehack,12,1.1354932709590004
hotbar,fareit,1,1.260555903671022
hotbar,fareit,2,1.2601888666071883
hotbar,fareit,3,1.2600853987278602
hotbar,fareit,4,1.258908477136636
hotbar,fareit,5,1.2579464985064743
hotbar,fareit,6,1.2558189231129844
hotbar,fareit,7,1.2558422049864706
hotbar,fareit,8,1.2514566317049782
hotbar,fareit,9,1.252436449604386
hotbar,fareit,10,1.2532150555934893
hotbar,fareit,11,1.25372249064498
hotbar,fareit,12,1.2539296344583533
hotbar,fareit,13,1.2540355300265773
hotbar,fareit,14,1.2540558745625634
hotbar,fareit,15,1.177250266780508
hotbar,fareit,16,1.1820991164205115
hotbar,fareit,17,1.1864972305570025
hotbar,fareit,18,1.1903684261207548
hotbar,fareit,19,1.1939003443962686
hotbar,fareit,20,1.1970802586771214
hotbar,fareit,21,1.1998165557788045
multiplug,benign,1,1.2391432102473983
multiplug,benign,2,0.9115616250924516
multiplug,benign,3,0.9663442783399374
multiplug,benign,4,0.9253604631722883
multiplug,benign,5,0.9449489778056028
multiplug,benign,6,0.9710071066410738
multiplug,benign,7,0.9948036085397391
multiplug,benign,8,0.9244415929973346
multiplug,benign,9,0.9115037928820531
multiplug,benign,10,0.9312320306853258
multiplug,benign,11,0.9497461566897756
multiplug,benign,12,0.9673267501534969
multiplug,benign,13,0.9825684924046636
multiplug,benign,14,0.99723164887005
multiplug,benign,15,1.004200331537981
multiplug,benign,16,0.9735801027900968
multiplug,benign,17,0.9370342881837168
multiplug,benign,18,0.9101865527688214
multiplug,benign,19,0.8939178335269327
multiplug,benign,20,0.9049741913200666
multiplug,benign,21,0.914825669302858
multiplug,benign,22,0.896493112630111
multiplug,benign,23,0.8814204849683551
multiplug,benign,24,0.890698401674823
multiplug,benign,25,0.8779272360587854
multiplug,benign,26,0.8690803459881528
multiplug,benign,27,0.8769300010138892
multiplug,benign,28,0.8844646719892748
multiplug,benign,29,0.8767218282799011
multiplug,benign,30,0.8667513111708939
multiplug,benign,31,0.8732583237643478
multiplug,benign,32,0.8782590708121254
multiplug,benign,33,0.8714729910533846
multiplug,benign,34,0.865580783512017
multiplug,benign,35,0.8713783180402375
multiplug,gandcrab,1,1.2535198116053068
multiplug,gandcrab,2,1.2537167338391577
multiplug,gandcrab,3,1.256063090470124
multiplug,gandcrab,4,1.2571022856332368
multiplug,gandcrab,5,1.2580416650487274
multiplug,gandcrab,6,1.2582359123150604
multiplug,gandcrab,7,1.2584310949747801
multiplug,gandcrab,8,1.2588961069137596
multiplug,gandcrab,9,1.258960876684751
multiplug,gandcrab,10,1.2588889566549453
multiplug,gandcrab,11,1.2588533588415927
multiplug,gandcrab,12,1.2591629493921013
multiplug,gandcrab,13,1.2592559747063476
multiplug,gandcrab,14,1.2592245024789286
multiplug,gandcrab,15,1.2592407342834027
multiplug,gandcrab,16,1.2592830494915819
multiplug,gandcrab,17,1.2592329877229043
multiplug,gandcrab,18,1.2593535293571168
multiplug,gandcrab,19,1.2589613913319286
multiplug,gandcrab,20,1.259028115594252
multiplug,gandcrab,21,1.258357335549933
multiplug,gandcrab,22,1.2585684596266504
multiplug,gandcrab,23,1.2587438796052726
multiplug,gandcrab,24,1.2587901189709862
multiplug,gandcrab,25,1.2587203003232486
multiplug,gandcrab,26,1.258790876159174
multiplug,gandcrab,27,1.258807491302469
multiplug,gandcrab,28,1.2588068123103078
multiplug,gandcrab,29,1.258926946077049
multiplug,gandcrab,30,1.258907538372465
multiplug,gandcrab,31,1.2587305178941042
multiplug,gandcrab,32,1.2585977200879461
multiplug,gandcrab,33,1.2587177693335345
multiplug,gandcrab,34,1.2582094898661167
multiplug,gandcrab,35,1.2582956142542865
multiplug,downloadguide,1,1.2535938673198688
multiplug,downloadguide,2,1.2536400229923306
multiplug,downloadguide,3,1.255632030837341
multiplug,downloadguide,4,1.2568150700070775
multiplug,downloadguide,5,1.2571353882791616
multiplug,downloadguide,6,1.2577146502643672
multiplug,downloadguide,7,1.2581241317724698
multiplug,downloadguide,8,1.2575768604616082
multiplug,downloadguide,9,1.2577492300115605
multiplug,downloadguide,10,1.2567865517058077
multiplug,downloadguide,11,1.2570961970655292
multiplug,downloadguide,12,1.2565942199370626
multiplug,downloadguide,13,1.2568659336729358
multiplug,downloadguide,14,1.2566099204760033
multiplug,downloadguide,15,1.2561210547081014
multiplug,downloadguide,16,1.2562901402828035
multiplug,downloadguide,17,1.256497080330055
multiplug,downloadguide,18,1.2560125926487782
multiplug,downloadguide,19,1.2557811117992128
multiplug,downloadguide,20,1.2559833040131916
multiplug,downloadguide,21,1.255044863108491
multiplug,downloadguide,22,1.2550143226350174
multiplug,downloadguide,23,1.2553076719311789
multiplug,downloadguide,24,1.2550584096255775
multiplug,downloadguide,25,1.2551840209352334
multiplug,downloadguide,26,1.255348966842622
multiplug,downloadguide,27,1.2554474583114756
multiplug,downloadguide,28,1.2555740974290717
multiplug,downloadguide,29,1.2557990639575134
multiplug,downloadguide,30,1.2558360836470541
multiplug,downloadguide,31,1.255703986795651
multiplug,downloadguide,32,1.2552967646584765
multiplug,downloadguide,33,1.255508614018896
multiplug,downloadguide,34,1.2550531896048611
multiplug,downloadguide,35,1.2552522126931307
multiplug,firseria,1,1.2522103017615391
multiplug,firseria,2,1.2522033745285377
multiplug,firseria,3,1.2525380223919282
multiplug,firseria,4,1.2542153409226835
multiplug,firseria,5,1.255385342731911
multiplug,firseria,6,1.2561834024591896
multiplug,firseria,7,1.2566491649155744
multiplug,firseria,8,1.256247564881146
multiplug,firseria,9,1.2564416301851997
multiplug,firseria,10,1.2561504198335054
multiplug,firseria,11,1.2555817951173331
multiplug,firseria,12,1.2560717067649434
multiplug,firseria,13,1.2562432799286376
multiplug,firseria,14,1.2565256800068263
multiplug,firseria,15,1.2566991641030274
multiplug,firseria,16,1.2558226057962152
multiplug,firseria,17,1.2551502389789544
multiplug,firseria,18,1.2554232139166355
multiplug,firseria,19,1.2547376139047786
multiplug,firseria,20,1.2549098276119772
multiplug,firseria,21,1.254342829720265
multiplug,firseria,22,1.2546758003752485
multiplug,firseria,23,1.2549658467137608
multiplug,firseria,24,1.2550644963271191
multiplug,firseria,25,1.2551054916297553
multiplug,firseria,26,1.2552578677073494
multiplug,firseria,27,1.2553563548963744
multiplug,firseria,28,1.211663686144432
multiplug,firseria,29,1.2131057500733788
multiplug,firseria,30,1.214036034223621
multiplug,firseria,31,1.2154598031646762
multiplug,firseria,32,1.2165645430337326
multiplug,firseria,33,1.2178805212696915
multiplug,firseria,34,1.2185063547694424
multiplug,firseria,35,1.2195959328537604
multiplug,emotet,1,1.2291224417220126
multiplug,emotet,2,1.2385565368828706
multiplug,emotet,3,1.2384461094483588
multiplug,emotet,4,1.23092850639568
multiplug,emotet,5,1.2238108602443227
multiplug,emotet,6,1.2212686710757303
multiplug,emotet,7,1.2255175132355358
multiplug,emotet,8,1.2231636712418208
multiplug,emotet,9,1.226675594037295
multiplug,emotet,10,1.2229946582835702
multiplug,emotet,11,1.2256487002573402
multiplug,emotet,12,1.2285211614506022
multiplug,emotet,13,1.2301976950919236
multiplug,emotet,14,1.229197384079129
multiplug,emotet,15,1.2285649173833726
multiplug,emotet,16,1.2280792522093003
multiplug,emotet,17,1.2294436822584005
multiplug,emotet,18,1.2282287294297562
multiplug,emotet,19,1.2288790613030156
multiplug,emotet,20,1.228216439185413
multiplug,emotet,21,1.2284869718349594
multiplug,emotet,22,1.228290278101039
multiplug,emotet,23,1.1783171143755071
multiplug,emotet,24,1.1798509276925482
multiplug,emotet,25,1.1825755471426795
multiplug,emotet,26,1.1852283964290136
multiplug,emotet,27,1.1876143101307852
multiplug,emotet,28,1.187976512792415
multiplug,emotet,29,1.1837074037922544
multiplug,emotet,30,1.1850542867223133
multiplug,emotet,31,1.1861555541592832
multiplug,emotet,32,1.187731233301718
multiplug,emotet,33,1.1893541684277622
multiplug,emotet,34,1.18674405436716
multiplug,emotet,35,1.1884703656169262
multiplug,driverpack,1,1.2508641053815954
multiplug,driverpack,2,1.2511335496247482
multiplug,driverpack,3,1.2532321767700838
multiplug,driverpack,4,1.2545970289863029
multiplug,driverpack,5,1.2554368902630872
multiplug,driverpack,6,1.256048943493268
multiplug,driverpack,7,1.2563954354010316
multiplug,driverpack,8,1.256849837090456
multiplug,driverpack,9,1.2568545310784733
multiplug,driverpack,10,1.2561553078980146
multiplug,driverpack,11,1.2563031809003886
multiplug,driverpack,12,1.2565940176439176
multiplug,driverpack,13,1.2567177928290034
multiplug,driverpack,14,1.2568987364436244
multiplug,domaiq,1,1.2517862969700286
multiplug,domaiq,2,1.245034418080867
multiplug,domaiq,3,1.2456186204989095
multiplug,domaiq,4,1.2491304150651181
multiplug,domaiq,5,1.2494238668271047
multiplug,domaiq,6,1.2490729163510874
multiplug,domaiq,7,1.250376049321531
multiplug,domaiq,8,1.251413923546474
multiplug,domaiq,9,1.2505744698249632
multiplug,domaiq,10,1.2498590138053132
multiplug,domaiq,11,1.2505857759045627
multiplug,domaiq,12,1.2513861581012506
multiplug,domaiq,13,1.2506786796980338
multiplug,domaiq,14,1.2505768927776455
multiplug,hotbar,1,1.2524456070478613
multiplug,hotbar,2,1.2527192341904936
multiplug,hotbar,3,1.255056420431751
multiplug,hotbar,4,1.2563768280234013
multiplug,hotbar,5,1.257301729818864
multiplug,hotbar,6,1.2579120534170998
multiplug,hotbar,7,1.2581287605077909
multiplug,hotbar,8,1.258514703466252
multiplug,hotbar,9,1.258543795847467
multiplug,hotbar,10,1.2584105309676725
multiplug,hotbar,11,1.2585220005782434
multiplug,hotbar,12,1.2586234044615647
multiplug,hotbar,13,1.2587080356064686
multiplug,hotbar,14,1.2588657594293857
multiplug,hotbar,15,1.2589257027765783
multiplug,hotbar,16,1.2589169613607165
multiplug,hotbar,17,1.2589444038725803
multiplug,hotbar,18,1.2590462691868918
multiplug,hotbar,19,1.2586705197523058
multiplug,hotbar,20,1.2587257790793362
multiplug,hotbar,21,1.2580356597916111
multiplug,hotbar,22,1.2582117263812527
multiplug,hotbar,23,1.2583666274165575
multiplug,hotbar,24,1.2584030572273346
multiplug,hotbar,25,1.2583572355871877
multiplug,hotbar,26,1.2584014993916435
multiplug,hotbar,27,1.2584085407347518
multiplug,dlhelper,1,1.2534839025037667
multiplug,dlhelper,2,1.2476829100718585
multiplug,dlhelper,3,1.2518563259547313
multiplug,dlhelper,4,1.2541007971410494
multiplug,dlhelper,5,1.2547356869681383
multiplug,downloadadmin,1,1.2529860291492252
multiplug,downloadadmin,2,1.253266743075989
multiplug,downloadadmin,3,1.2555364217014515
multiplug,downloadadmin,4,1.2567381001943505
multiplug,downloadadmin,5,1.2576218126639156
multiplug,downloadadmin,6,1.2582438450452178
multiplug,downloadadmin,7,1.1037839549006994
multiplug,downloadadmin,8,1.1207282013719917
multiplug,downloadadmin,9,1.1341575744444259
multiplug,downloadadmin,10,1.1451082691904837
multiplug,downloadadmin,11,1.154482677140321
multiplug,downloadadmin,12,1.1626536181508884
multiplug,downloadadmin,13,1.1695089767901916
multiplug,downloadadmin,14,1.175573039179178
multiplug,downloadadmin,15,1.1807931470603101
multiplug,downloadadmin,16,1.184771417446361
multiplug,downloadadmin,17,1.1888923146124752
multiplug,downloadadmin,18,1.1926634114861192
multiplug,downloadadmin,19,1.1956092071039435
multiplug,downloadadmin,20,1.1449999919326586
multiplug,downloadadmin,21,1.149173768949915
multiplug,downloadadmin,22,1.1538219788429571
multiplug,downloadadmin,23,1.1580889003843124
multiplug,downloadadmin,24,1.1202636990599824
multiplug,downloadadmin,25,1.1250011560036068
multiplug,downloadadmin,26,1.1295193924230236
multiplug,downloadadmin,27,1.1336988773799068
multiplug,downloadadmin,28,1.1376346958447006
multiplug,downloadadmin,29,1.1414416084305907
multiplug,downloadadmin,30,1.1448907602746874
multiplug,downloadadmin,31,1.1482097721112607
multiplug,downloadadmin,32,1.151156830948651
multiplug,downloadadmin,33,1.1240187168387785
multiplug,downloadadmin,34,1.1269323794400234
multiplug,downloadadmin,35,1.1302926878865684
multiplug,gamarue,1,1.216230150368524
multiplug,gamarue,2,1.223065680273422
multiplug,gamarue,3,0.9427976506792188
multiplug,gamarue,4,0.8556240297040915
multiplug,gamarue,5,0.8968889539059022
multiplug,gamarue,6,0.9215587510322111
multiplug,gamarue,7,0.8679728970492682
multiplug,gamarue,8,0.8969122924982531
multiplug,gamarue,9,0.9213415794856
multiplug,gamarue,10,0.8892723293046397
multiplug,gamarue,11,0.9090752221521587
multiplug,gamarue,12,0.927770018926149
multiplug,gamarue,13,0.9444835342703477
multiplug,gamarue,14,0.9196550161989876
multiplug,gamarue,15,0.9328672011249352
multiplug,gamarue,16,0.9151511245677484
multiplug,gamarue,17,0.9264182004379373
multiplug,gamarue,18,0.912763001779681
multiplug,gamarue,19,0.9126291342973936
multiplug,gamarue,20,0.9220791840609792
multiplug,gamarue,21,0.9304688249500247
multiplug,gamarue,22,0.9385456793669213
multiplug,gamarue,23,0.9469819135764016
multiplug,gamarue,24,0.9261871884447685
multiplug,gamarue,25,0.9344574561779276
multiplug,gamarue,26,0.9203589002563307
multiplug,gamarue,27,0.9279890838098928
multiplug,gamarue,28,0.9176408045000553
multiplug,gamarue,29,0.9096097944746727
multiplug,gamarue,30,0.9155302319548627
multiplug,gamarue,31,0.9210759225385811
multiplug,gamarue,32,0.926561031038275
multiplug,gamarue,33,0.9326652839966866
multiplug,gamarue,34,0.9374748146265189
multiplug,gamarue,35,0.942789729911827
multiplug,darkkomet,1,1.0926014958638768
multiplug,darkkomet,2,0.9278249744109661
multiplug,darkkomet,3,0.9205765525952307
multiplug,darkkomet,4,0.9189379244913981
multiplug,darkkomet,5,0.9441735437265786
multiplug,darkkomet,6,0.9309254955407821
multiplug,darkkomet,7,0.9209972592702028
multiplug,darkkomet,8,0.9272178343140733
multiplug,darkkomet,9,0.9281002718193904
multiplug,darkkomet,10,0.9353539157506606
multiplug,darkkomet,11,0.9109202490315282
multiplug,darkkomet,12,0.9214812935660434
multiplug,darkkomet,13,0.9309823052996512
multiplug,darkkomet,14,0.9402418455705418
multiplug,darkkomet,15,0.9513200824160644
multiplug,darkkomet,16,0.9620129171164573
multiplug,darkkomet,17,0.9723781718866853
multiplug,darkkomet,18,0.9587909608807353
multiplug,darkkomet,19,0.9650252464852058
multiplug,darkkomet,20,0.9673765219859706
multiplug,delf,1,1.189663362332415
multiplug,delf,2,1.2169066199441305
multiplug,delf,3,1.2305340746903364
multiplug,delf,4,1.2366972383795185
multiplug,delf,5,1.2404966139172795
multiplug,delf,6,1.2405003803511498
multiplug,delf,7,1.242832599122089
multiplug,delf,8,1.242834469504646
multiplug,delf,9,1.238828350395397
multiplug,delf,10,1.2405413818381699
multiplug,delf,11,1.2418836546973169
multiplug,delf,12,1.2412766291107546
multiplug,delf,13,1.2416261768392305
multiplug,delf,14,1.242511722607179
multiplug,delf,15,1.2436124970517417
multiplug,delf,16,1.243939137874219
multiplug,delf,17,1.2448357654803366
multiplug,delf,18,1.2454623201751045
multiplug,delf,19,1.2453437270737766
multiplug,delf,20,1.2456878562456315
multiplug,gamehack,1,1.2114524130537934
multiplug,gamehack,2,0.940477105989338
multiplug,gamehack,3,0.977308476028851
multiplug,gamehack,4,1.0201770544998277
multiplug,gamehack,5,1.0493622277327366
multiplug,gamehack,6,1.0723256048077612
multiplug,gamehack,7,1.0877972379069725
multiplug,gamehack,8,1.1036141850763168
multiplug,gamehack,9,1.1098898511227828
multiplug,gamehack,10,1.120835461408371
multiplug,gamehack,11,1.1273519698664747
multiplug,gamehack,12,1.1368115336767768
multiplug,fareit,1,1.2514141665553093
multiplug,fareit,2,1.2513280727685696
multiplug,fareit,3,1.2534840916496504
multiplug,fareit,4,1.253378370308067
multiplug,fareit,5,1.2532621858770385
multiplug,fareit,6,1.251762404310571
multiplug,fareit,7,1.2520718220624132
multiplug,fareit,8,1.2480857938387986
multiplug,fareit,9,1.2490563848255518
multiplug,fareit,10,1.2497141988945968
multiplug,fareit,11,1.2502691350889983
multiplug,fareit,12,1.2509174592621295
multiplug,fareit,13,1.2510345693468214
multiplug,fareit,14,1.2512029727725982
multiplug,fareit,15,1.1743386966392224
multiplug,fareit,16,1.179213642176912
multiplug,fareit,17,1.18360575867632
multiplug,fareit,18,1.1875452940386815
multiplug,fareit,19,1.1906981142293875
multiplug,fareit,20,1.1939031650476286
multiplug,fareit,21,1.195943683146703
dlhelper,benign,1,1.2493625156007258
dlhelper,benign,2,0.9156867961029906
dlhelper,benign,3,0.9698883744027023
dlhelper,benign,4,0.9286908339908806
dlhelper,benign,5,0.9470800944035781
dlhelper,gandcrab,1,1.2636643848571176
dlhelper,gandcrab,2,1.2575877093673409
dlhelper,gandcrab,3,1.2594666644842496
dlhelper,gandcrab,4,1.2603340672533663
dlhelper,gandcrab,5,1.2601308498299086
dlhelper,downloadguide,1,1.263610187004764
dlhelper,downloadguide,2,1.257375063794694
dlhelper,downloadguide,3,1.2589380184713324
dlhelper,downloadguide,4,1.2599676910164495
dlhelper,downloadguide,5,1.259160491287354
dlhelper,firseria,1,1.262466131352586
dlhelper,firseria,2,1.2561834586637433
dlhelper,firseria,3,1.256052249913259
dlhelper,firseria,4,1.2575441723348977
dlhelper,firseria,5,1.2575615442926944
dlhelper,emotet,1,1.2395399578245763
dlhelper,emotet,2,1.242446953490738
dlhelper,emotet,3,1.241892389504503
dlhelper,emotet,4,1.234252093371433
dlhelper,emotet,5,1.2259787942222313
dlhelper,driverpack,1,1.2609133798629149
dlhelper,driverpack,2,1.2548785437831638
dlhelper,driverpack,3,1.2565470078157475
dlhelper,driverpack,4,1.2577575663583151
dlhelper,driverpack,5,1.2574654229364288
dlhelper,domaiq,1,1.2618405494306022
dlhelper,domaiq,2,1.2488262621520634
dlhelper,domaiq,3,1.248980506826006
dlhelper,domaiq,4,1.2523249568271988
dlhelper,domaiq,5,1.2514788889753596
dlhelper,hotbar,1,1.262600801676073
dlhelper,hotbar,2,1.2565852918015588
dlhelper,hotbar,3,1.258471407820601
dlhelper,hotbar,4,1.2596255904414746
dlhelper,hotbar,5,1.2594112063457588
dlhelper,multiplug,1,1.2534839025037667
dlhelper,multiplug,2,1.2476829100718585
dlhelper,multiplug,3,1.2518563259547313
dlhelper,multiplug,4,1.2541007971410494
dlhelper,multiplug,5,1.2547356869681383
dlhelper,downloadadmin,1,1.2630186504034624
dlhelper,downloadadmin,2,1.257013066735499
dlhelper,downloadadmin,3,1.2588507677833491
dlhelper,downloadadmin,4,1.2598983712601572
dlhelper,downloadadmin,5,1.2596513495131016
dlhelper,gamarue,1,1.226753261798381
dlhelper,gamarue,2,1.2269615442520574
dlhelper,gamarue,3,0.9477445166661239
dlhelper,gamarue,4,0.8599854366480433
dlhelper,gamarue,5,0.8997701541408288
dlhelper,darkkomet,1,1.1047644563812873
dlhelper,darkkomet,2,0.9321109100208027
dlhelper,darkkomet,3,0.9243233561071744
dlhelper,darkkomet,4,0.9224717249997528
dlhelper,darkkomet,5,0.9463392966021628
dlhelper,delf,1,1.2005437806937596
dlhelper,delf,2,1.220864248825967
dlhelper,delf,3,1.2339747669587555
dlhelper,delf,4,1.2399523553880578
dlhelper,delf,5,1.242583074303421
dlhelper,gamehack,1,1.222038951382118
dlhelper,gamehack,2,0.9444998285868121
dlhelper,gamehack,3,0.9807847063653042
dlhelper,gamehack,4,1.0234662899452929
dlhelper,gamehack,5,1.0514883878393166
dlhelper,fareit,1,1.261463244446964
dlhelper,fareit,2,1.2550797272976784
dlhelper,fareit,3,1.2568037792577047
dlhelper,fareit,4,1.2565492354575296
dlhelper,fareit,5,1.2553009577306962
downloadadmin,benign,1,1.2488689309157595
downloadadmin,benign,2,0.9217696970658714
downloadadmin,benign,3,0.9737885686967236
downloadadmin,benign,4,0.93145160176535
downloadadmin,benign,5,0.9500772807559993
downloadadmin,benign,6,0.9754696490997695
downloadadmin,benign,7,0.8442721216803485
downloadadmin,benign,8,0.7901649840231957
downloadadmin,benign,9,0.7907442977395752
downloadadmin,benign,10,0.8216635868925278
downloadadmin,benign,11,0.849375664753022
downloadadmin,benign,12,0.8745558347403362
downloadadmin,benign,13,0.8965417827062826
downloadadmin,benign,14,0.916940964564974
downloadadmin,benign,15,0.9290806671566976
downloadadmin,benign,16,0.9023954974075026
downloadadmin,benign,17,0.869944411365379
downloadadmin,benign,18,0.8467150728839585
downloadadmin,benign,19,0.8341883136799291
downloadadmin,benign,20,0.7945323547931469
downloadadmin,benign,21,0.8099742917087323
downloadadmin,benign,22,0.7959048079402589
downloadadmin,benign,23,0.7848955799397254
downloadadmin,benign,24,0.756280793798263
downloadadmin,benign,25,0.7483501606865134
downloadadmin,benign,26,0.7439217091658225
downloadadmin,benign,27,0.7559568667983224
downloadadmin,benign,28,0.7674093223776572
downloadadmin,benign,29,0.7632389426088543
downloadadmin,benign,30,0.7567794630681097
downloadadmin,benign,31,0.7665204028547722
downloadadmin,benign,32,0.7747963202809174
downloadadmin,benign,33,0.7406647096483457
downloadadmin,benign,34,0.7387707486207205
downloadadmin,benign,35,0.7477353462917872
downloadadmin,benign,36,0.7564573097009344
downloadadmin,benign,37,0.753987587708507
downloadadmin,benign,38,0.7492676229106291
downloadadmin,benign,39,0.7569744539457339
downloadadmin,benign,40,0.755270258534767
downloadadmin,benign,41,0.7624569049383091
downloadadmin,benign,42,0.7371380486848
downloadadmin,benign,43,0.7345691318629335
downloadadmin,benign,44,0.7413913865580499
downloadadmin,benign,45,0.7257685615723052
downloadadmin,benign,46,0.7227016026951614
downloadadmin,benign,47,0.7292955797209594
downloadadmin,benign,48,0.7267132809346051
downloadadmin,benign,49,0.7331037763043772
downloadadmin,benign,50,0.7320926974285449
downloadadmin,benign,51,0.7375112509227316
downloadadmin,benign,52,0.7434512762384435
downloadadmin,benign,53,0.7423406418293668
downloadadmin,benign,54,0.7479836322099018
downloadadmin,benign,55,0.7523765093855537
downloadadmin,benign,56,0.757570238400253
downloadadmin,benign,57,0.7561792060096887
downloadadmin,benign,58,0.7606428882711368
downloadadmin,benign,59,0.7594931572471926
downloadadmin,benign,60,0.7642391673616433
downloadadmin,benign,61,0.7631253307947498
downloadadmin,benign,62,0.7678180311810736
downloadadmin,benign,63,0.764592455795561
downloadadmin,benign,64,0.7637333740528609
downloadadmin,benign,65,0.7626393393009607
downloadadmin,benign,66,0.766798363835844
downloadadmin,benign,67,0.7702408420390402
downloadadmin,benign,68,0.7742977760808195
downloadadmin,benign,69,0.7734556892710939
downloadadmin,benign,70,0.7761406401399611
downloadadmin,benign,71,0.775478855542535
downloadadmin,benign,72,0.7750209777672353
downloadadmin,benign,73,0.7732046781012919
downloadadmin,benign,74,0.7705155091813781
downloadadmin,benign,75,0.773971185931145
downloadadmin,benign,76,0.7714797825223356
downloadadmin,benign,77,0.7556842365408946
downloadadmin,benign,78,0.7587149461657413
downloadadmin,benign,79,0.7582649728043152
downloadadmin,benign,80,0.7458541227022145
downloadadmin,benign,81,0.7493634547186445
downloadadmin,benign,82,0.7363163734041623
downloadadmin,benign,83,0.7398150610274806
downloadadmin,benign,84,0.7432971528417351
downloadadmin,benign,85,0.7461013196819828
downloadadmin,benign,86,0.7491388142719295
downloadadmin,benign,87,0.7498122431742548
downloadadmin,benign,88,0.7493338092025645
downloadadmin,benign,89,0.7475434499068742
downloadadmin,benign,90,0.7471691567848211
downloadadmin,benign,91,0.7453553505235139
downloadadmin,benign,92,0.7333465861205117
downloadadmin,benign,93,0.731992710720128
downloadadmin,benign,94,0.7350670596891988
downloadadmin,benign,95,0.7349777003999278
downloadadmin,benign,96,0.7337443157850866
downloadadmin,benign,97,0.736162525982657
downloadadmin,benign,98,0.7390613543300601
downloadadmin,benign,99,0.7419665242446761
downloadadmin,benign,100,0.7448498959834282
downloadadmin,gandcrab,1,1.2631804394941049
downloadadmin,gandcrab,2,1.2631097834593952
downloadadmin,gandcrab,3,1.263118739913704
downloadadmin,gandcrab,4,1.2629576064252244
downloadadmin,gandcrab,5,1.2630031304564944
downloadadmin,gandcrab,6,1.2625748864659512
downloadadmin,gandcrab,7,1.1078213751413246
downloadadmin,gandcrab,8,1.124428110802074
downloadadmin,gandcrab,9,1.1379026446365215
downloadadmin,gandcrab,10,1.1490353274482281
downloadadmin,gandcrab,11,1.1582168665696049
downloadadmin,gandcrab,12,1.1661602870230219
downloadadmin,gandcrab,13,1.1730119831795571
downloadadmin,gandcrab,14,1.1787403323080992
downloadadmin,gandcrab,15,1.1839156807925166
downloadadmin,gandcrab,16,1.1879284291221186
downloadadmin,gandcrab,17,1.1919814009478849
downloadadmin,gandcrab,18,1.1957068316484498
downloadadmin,gandcrab,19,1.1990120355591678
downloadadmin,gandcrab,20,1.1483953155533708
downloadadmin,gandcrab,21,1.1532817955953445
downloadadmin,gandcrab,22,1.1577776677375347
downloadadmin,gandcrab,23,1.1619251050751884
downloadadmin,gandcrab,24,1.124105007369466
downloadadmin,gandcrab,25,1.1288602712278406
downloadadmin,gandcrab,26,1.133355760401091
downloadadmin,gandcrab,27,1.1375625674723568
downloadadmin,gandcrab,28,1.141486050658671
downloadadmin,gandcrab,29,1.1451861114773147
downloadadmin,gandcrab,30,1.148683291876631
downloadadmin,gandcrab,31,1.1517478938361605
downloadadmin,gandcrab,32,1.154875139282132
downloadadmin,gandcrab,33,1.1276649079371746
downloadadmin,gandcrab,34,1.1311173177298877
downloadadmin,gandcrab,35,1.1343819484670328
downloadadmin,gandcrab,36,1.1371853010738886
downloadadmin,gandcrab,37,1.1400538203381805
downloadadmin,gandcrab,38,1.1428974344075027
downloadadmin,gandcrab,39,1.1454479622036087
downloadadmin,gandcrab,40,1.1480100628906174
downloadadmin,gandcrab,41,1.1505167553067426
downloadadmin,gandcrab,42,1.1292841188279352
downloadadmin,gandcrab,43,1.1319751964768643
downloadadmin,gandcrab,44,1.134577488706015
downloadadmin,gandcrab,45,1.1158677915219144
downloadadmin,gandcrab,46,1.1185782495932814
downloadadmin,gandcrab,47,1.1211853181316895
downloadadmin,gandcrab,48,1.1237070059832188
downloadadmin,gandcrab,49,1.1261450516149867
downloadadmin,gandcrab,50,1.1284992869755976
downloadadmin,gandcrab,51,1.1307929722121828
downloadadmin,gandcrab,52,1.1330083899892025
downloadadmin,gandcrab,53,1.1351149099232667
downloadadmin,gandcrab,54,1.1371526825170697
downloadadmin,gandcrab,55,1.138808826452673
downloadadmin,gandcrab,56,1.1406462607631738
downloadadmin,gandcrab,57,1.1425468524737603
downloadadmin,gandcrab,58,1.1443897036898139
downloadadmin,gandcrab,59,1.1461440788625312
downloadadmin,gandcrab,60,1.1478798175636922
downloadadmin,gandcrab,61,1.1495648896518817
downloadadmin,gandcrab,62,1.1511922649077109
downloadadmin,gandcrab,63,1.15278327485766
downloadadmin,gandcrab,64,1.1543172087986655
downloadadmin,gandcrab,65,1.1557260760892332
downloadadmin,gandcrab,66,1.157192792698953
downloadadmin,gandcrab,67,1.1586074043563492
downloadadmin,gandcrab,68,1.1599982720655349
downloadadmin,gandcrab,69,1.1613474217526574
downloadadmin,gandcrab,70,1.162666720667907
downloadadmin,gandcrab,71,1.1639514269334015
downloadadmin,gandcrab,72,1.1651628575907507
downloadadmin,gandcrab,73,1.1663836167452635
downloadadmin,gandcrab,74,1.1675661178647052
downloadadmin,gandcrab,75,1.1687044923579557
downloadadmin,gandcrab,76,1.1698417306751772
downloadadmin,gandcrab,77,1.1573209739633783
downloadadmin,gandcrab,78,1.1585441629915683
downloadadmin,gandcrab,79,1.159742289220325
downloadadmin,gandcrab,80,1.148079930388426
downloadadmin,gandcrab,81,1.1493188939288865
downloadadmin,gandcrab,82,1.1383475438030064
downloadadmin,gandcrab,83,1.1396708871161332
downloadadmin,gandcrab,84,1.1409529162400591
downloadadmin,gandcrab,85,1.1420843501140174
downloadadmin,gandcrab,86,1.143321369778009
downloadadmin,gandcrab,87,1.1445175459931032
downloadadmin,gandcrab,88,1.1457066168324692
downloadadmin,gandcrab,89,1.1468799859327596
downloadadmin,gandcrab,90,1.1480216802886436
downloadadmin,gandcrab,91,1.1491492735202287
downloadadmin,gandcrab,92,1.1390745474330222
downloadadmin,gandcrab,93,1.1397078460437844
downloadadmin,gandcrab,94,1.1408513058999685
downloadadmin,gandcrab,95,1.1419793349921696
downloadadmin,gandcrab,96,1.1430948901748632
downloadadmin,gandcrab,97,1.144193913774594
downloadadmin,gandcrab,98,1.1452561934947398
downloadadmin,gandcrab,99,1.1463113654740082
downloadadmin,gandcrab,100,1.1473502042391504
downloadadmin,downloadguide,1,1.263125836323537
downloadadmin,downloadguide,2,1.2628983387602566
downloadadmin,downloadguide,3,1.262592280778044
downloadadmin,downloadguide,4,1.262592112134762
downloadadmin,downloadguide,5,1.2620360824444612
downloadadmin,downloadguide,6,1.2619984801180784
downloadadmin,downloadguide,7,1.1074611853781788
downloadadmin,downloadguide,8,1.1230645637051966
downloadadmin,downloadguide,9,1.1366473756852589
downloadadmin,downloadguide,10,1.1468924315513036
downloadadmin,downloadguide,11,1.1564195658078844
downloadadmin,downloadguide,12,1.1635571632239037
downloadadmin,downloadguide,13,1.1705877990420368
downloadadmin,downloadguide,14,1.1760936073057278
downloadadmin,downloadguide,15,1.1807659799452885
downloadadmin,downloadguide,16,1.1849033942215486
downloadadmin,downloadguide,17,1.1892133087785675
downloadadmin,downloadguide,18,1.1923366762815735
downloadadmin,downloadguide,19,1.195797567977305
downloadadmin,downloadguide,20,1.1453140565475872
downloadadmin,downloadguide,21,1.1499242645289973
downloadadmin,downloadguide,22,1.1541809862640937
downloadadmin,downloadguide,23,1.1584475345768834
downloadadmin,downloadguide,24,1.1203322513528868
downloadadmin,downloadguide,25,1.125282908790117
downloadadmin,downloadguide,26,1.1298732291187215
downloadadmin,downloadguide,27,1.1341622572268573
downloadadmin,downloadguide,28,1.1382124550136363
downloadadmin,downloadguide,29,1.1420181857783205
downloadadmin,downloadguide,30,1.14557169646267
downloadadmin,downloadguide,31,1.1486814610298084
downloadadmin,downloadguide,32,1.1515352955129723
downloadadmin,downloadguide,33,1.1244161309601997
downloadadmin,downloadguide,34,1.1279107411210125
downloadadmin,downloadguide,35,1.1312889604140992
downloadadmin,downloadguide,36,1.1344919913283067
downloadadmin,downloadguide,37,1.1372629283569868
downloadadmin,downloadguide,38,1.140192162382382
downloadadmin,firseria,1,1.2619574589763196
downloadadmin,firseria,2,1.2616904361635797
downloadadmin,firseria,3,1.2596797827939135
downloadadmin,firseria,4,1.2601399762924332
downloadadmin,firseria,5,1.2604084157433024
downloadadmin,firseria,6,1.2605793369317486
downloadadmin,firseria,7,1.1060947230270388
downloadadmin,firseria,8,1.1218313049207476
downloadadmin,firseria,9,1.1354338290883814
downloadadmin,firseria,10,1.1463627719638123
downloadadmin,firseria,11,1.1550079024372826
downloadadmin,firseria,12,1.1631265592112614
downloadadmin,firseria,13,1.170057273189037
downloadadmin,firseria,14,1.1760977394285201
downloadadmin,firseria,15,1.1814306025232608
downloadadmin,firseria,16,1.1845200583043276
downloadadmin,firseria,17,1.1879504094307203
downloadadmin,firseria,18,1.1918277611316062
downloadadmin,firseria,19,1.1948484689148984
downloadadmin,firseria,20,1.1443379291358604
downloadadmin,firseria,21,1.149339962280178
downloadadmin,firseria,22,1.1539540275591298
downloadadmin,firseria,23,1.1582134472330994
downloadadmin,firseria,24,1.1204481762336802
downloadadmin,firseria,25,1.1253156001563451
downloadadmin,firseria,26,1.1298924697656543
downloadadmin,firseria,27,1.1341806897057234
downloadadmin,firseria,28,1.0944164574043382
downloadadmin,firseria,29,1.099434743773707
downloadadmin,firseria,30,1.1038844836806918
downloadadmin,firseria,31,1.108547926724532
downloadadmin,firseria,32,1.1129188875455704
downloadadmin,firseria,33,1.0869003690381605
downloadadmin,firseria,34,1.091484088719373
downloadadmin,firseria,35,1.095752847846018
downloadadmin,firseria,36,1.0998947590243935
downloadadmin,firseria,37,1.1038363930880681
downloadadmin,firseria,38,1.1075967628196648
downloadadmin,firseria,39,1.1111740680387971
downloadadmin,firseria,40,1.114535893383081
downloadadmin,firseria,41,1.1178073259708166
downloadadmin,firseria,42,1.0972899247080488
downloadadmin,firseria,43,1.1006905582356425
downloadadmin,firseria,44,1.103966397087168
downloadadmin,firseria,45,1.0858947624653106
downloadadmin,firseria,46,1.089147447687365
downloadadmin,firseria,47,1.0923518942984352
downloadadmin,emotet,1,1.2389932220410342
downloadadmin,emotet,2,1.2480555836349154
downloadadmin,emotet,3,1.2454995813903396
downloadadmin,emotet,4,1.2368592320313783
downloadadmin,emotet,5,1.2288883252385627
downloadadmin,emotet,6,1.225727686932416
downloadadmin,emotet,7,1.0749759001969776
downloadadmin,emotet,8,1.0887854700116635
downloadadmin,emotet,9,1.1057027347761248
downloadadmin,emotet,10,1.1132468126149875
downloadadmin,emotet,11,1.1251096295232514
downloadadmin,emotet,12,1.135600133812147
downloadadmin,emotet,13,1.1440326105847047
downloadadmin,emotet,14,1.148784345466919
downloadadmin,emotet,15,1.1535325707938144
downloadadmin,emotet,16,1.1569827418302705
downloadadmin,emotet,17,1.1624407474184135
downloadadmin,emotet,18,1.1647439744211399
downloadadmin,emotet,19,1.1690966610961038
downloadadmin,emotet,20,1.1176194232284717
downloadadmin,emotet,21,1.123470888830771
downloadadmin,emotet,22,1.127556282377344
downloadadmin,emotet,23,1.0816038384741282
downloadadmin,emotet,24,1.0452695243198145
downloadadmin,emotet,25,1.0528195770739992
downloadadmin,emotet,26,1.0598913663102956
downloadadmin,emotet,27,1.0664670942514012
downloadadmin,emotet,28,1.0707564903134044
downloadadmin,emotet,29,1.0700545746096073
downloadadmin,emotet,30,1.0749225324424792
downloadadmin,emotet,31,1.0793622008243267
downloadadmin,emotet,32,1.0841985351512635
downloadadmin,emotet,33,1.058475674824904
downloadadmin,emotet,34,1.0598576739419476
downloadadmin,emotet,35,1.0647537661065005
downloadadmin,emotet,36,1.0675204278819712
downloadadmin,emotet,37,1.0668153791318513
downloadadmin,emotet,38,1.0712996330673323
downloadadmin,emotet,39,1.0752562854913692
downloadadmin,emotet,40,1.078796270763704
downloadadmin,emotet,41,1.0821304347800402
downloadadmin,emotet,42,1.0619471266990244
downloadadmin,emotet,43,1.0657306158334383
downloadadmin,emotet,44,1.0696077991785966
downloadadmin,emotet,45,1.0515064567211767
downloadadmin,emotet,46,1.0544877825447903
downloadadmin,emotet,47,1.0571431568689311
downloadadmin,emotet,48,1.0607116757320059
downloadadmin,emotet,49,1.0642779461766234
downloadadmin,emotet,50,1.065642585132684
downloadadmin,emotet,51,1.0686268299693593
downloadadmin,emotet,52,1.071805629515675
downloadadmin,emotet,53,1.0748291583395722
downloadadmin,driverpack,1,1.2598617905007652
downloadadmin,driverpack,2,1.2600470854151187
downloadadmin,driverpack,3,1.2599058863620303
downloadadmin,driverpack,4,1.260079349907679
downloadadmin,driverpack,5,1.2600658430600862
downloadadmin,driverpack,6,1.2600045300910883
downloadadmin,driverpack,7,1.105461259208656
downloadadmin,driverpack,8,1.1220584945780288
downloadadmin,driverpack,9,1.1354492777463339
downloadadmin,driverpack,10,1.1459557293846256
downloadadmin,driverpack,11,1.1553317441756144
downloadadmin,driverpack,12,1.163234318310764
downloadadmin,driverpack,13,1.1701207837726744
downloadadmin,driverpack,14,1.1760491550129801
downloadadmin,domaiq,1,1.2613547593666885
downloadadmin,domaiq,2,1.254410594588049
downloadadmin,domaiq,3,1.2526818780731974
downloadadmin,domaiq,4,1.2549748982104316
downloadadmin,domaiq,5,1.2543828691335759
downloadadmin,domaiq,6,1.2534135791900505
downloadadmin,domaiq,7,1.0997518844620537
downloadadmin,domaiq,8,1.1169315468282368
downloadadmin,domaiq,9,1.1295074715505427
downloadadmin,domaiq,10,1.1400011536309305
downloadadmin,domaiq,11,1.1499433455253856
downloadadmin,domaiq,12,1.1583762477838926
downloadadmin,domaiq,13,1.164431453817167
downloadadmin,domaiq,14,1.1700900799563878
downloadadmin,hotbar,1,1.2621146005538026
downloadadmin,hotbar,2,1.2621133137034974
downloadadmin,hotbar,3,1.2621269635998236
downloadadmin,hotbar,4,1.2622503604241513
downloadadmin,hotbar,5,1.2622849644994596
downloadadmin,hotbar,6,1.2622715251362642
downloadadmin,hotbar,7,1.1075415718676702
downloadadmin,hotbar,8,1.1240696440680584
downloadadmin,hotbar,9,1.1375105422378993
downloadadmin,hotbar,10,1.1485830114158309
downloadadmin,hotbar,11,1.1579115705629923
downloadadmin,hotbar,12,1.1656462747871859
downloadadmin,hotbar,13,1.172490003220974
downloadadmin,hotbar,14,1.1784068977165396
downloadadmin,hotbar,15,1.1836261928210035
downloadadmin,hotbar,16,1.1875874123780654
downloadadmin,hotbar,17,1.1917180227653092
downloadadmin,hotbar,18,1.195425601820578
downloadadmin,hotbar,19,1.1987446784077513
downloadadmin,hotbar,20,1.1481152197393802
downloadadmin,hotbar,21,1.1529719808836323
downloadadmin,hotbar,22,1.1574325924659727
downloadadmin,hotbar,23,1.1615598399568607
downloadadmin,hotbar,24,1.1237307397350897
downloadadmin,hotbar,25,1.1285104454291246
downloadadmin,hotbar,26,1.1329804396158982
downloadadmin,hotbar,27,1.1371784110855647
downloadadmin,multiplug,1,1.2529860291492252
downloadadmin,multiplug,2,1.2532667430759887
downloadadmin,multiplug,3,1.2555364217014515
downloadadmin,multiplug,4,1.2567381001943505
downloadadmin,multiplug,5,1.2576218126639156
downloadadmin,multiplug,6,1.2582438450452178
downloadadmin,multiplug,7,1.1037839549006994
downloadadmin,multiplug,8,1.1207282013719917
downloadadmin,multiplug,9,1.1341575744444259
downloadadmin,multiplug,10,1.1451082691904837
downloadadmin,multiplug,11,1.154482677140321
downloadadmin,multiplug,12,1.1626536181508884
downloadadmin,multiplug,13,1.1695089767901916
downloadadmin,multiplug,14,1.1755730391791777
downloadadmin,multiplug,15,1.1807931470603101
downloadadmin,multiplug,16,1.184771417446361
downloadadmin,multiplug,17,1.1888923146124752
downloadadmin,multiplug,18,1.1926634114861192
downloadadmin,multiplug,19,1.1956092071039435
downloadadmin,multiplug,20,1.1449999919326586
downloadadmin,multiplug,21,1.149173768949915
downloadadmin,multiplug,22,1.1538219788429573
downloadadmin,multiplug,23,1.1580889003843122
downloadadmin,multiplug,24,1.1202636990599824
downloadadmin,multiplug,25,1.1250011560036068
downloadadmin,multiplug,26,1.1295193924230236
downloadadmin,multiplug,27,1.1336988773799068
downloadadmin,multiplug,28,1.1376346958447006
downloadadmin,multiplug,29,1.1414416084305907
downloadadmin,multiplug,30,1.1448907602746874
downloadadmin,multiplug,31,1.1482097721112607
downloadadmin,multiplug,32,1.151156830948651
downloadadmin,multiplug,33,1.1240187168387785
downloadadmin,multiplug,34,1.1269323794400234
downloadadmin,multiplug,35,1.1302926878865682
downloadadmin,dlhelper,1,1.2630186504034624
downloadadmin,dlhelper,2,1.257013066735499
downloadadmin,dlhelper,3,1.2588507677833491
downloadadmin,dlhelper,4,1.2598983712601572
downloadadmin,dlhelper,5,1.2596513495131016
downloadadmin,gamarue,1,1.2259405786788973
downloadadmin,gamarue,2,1.2325119798561301
downloadadmin,gamarue,3,0.9511152073850994
downloadadmin,gamarue,4,0.8622481185602261
downloadadmin,gamarue,5,0.9023880966596703
downloadadmin,gamarue,6,0.9263547665298419
downloadadmin,gamarue,7,0.7180378969621227
downloadadmin,gamarue,8,0.7629760776125136
downloadadmin,gamarue,9,0.8007578958410682
downloadadmin,gamarue,10,0.7798655537577092
downloadadmin,gamarue,11,0.8088346656633406
downloadadmin,gamarue,12,0.835099118340612
downloadadmin,gamarue,13,0.8585399900249826
downloadadmin,gamarue,14,0.839434438487206
downloadadmin,gamarue,15,0.8577849665164455
downloadadmin,gamarue,16,0.8439613458625022
downloadadmin,gamarue,17,0.8593202495221784
downloadadmin,gamarue,18,0.8492655851935854
downloadadmin,gamarue,19,0.8528790394726996
downloadadmin,gamarue,20,0.8116283435938658
downloadadmin,gamarue,21,0.8256189145044542
downloadadmin,gamarue,22,0.8379547694828569
downloadadmin,gamarue,23,0.8503441706340062
downloadadmin,gamarue,24,0.7917344218269013
downloadadmin,gamarue,25,0.8048241304538141
downloadadmin,gamarue,26,0.7952164306028964
downloadadmin,gamarue,27,0.8070269335829339
downloadadmin,gamarue,28,0.8005927007184013
downloadadmin,gamarue,29,0.796122210222708
downloadadmin,gamarue,30,0.8055548511710695
downloadadmin,gamarue,31,0.8143323047208475
downloadadmin,gamarue,32,0.8230839922879674
downloadadmin,gamarue,33,0.8018307514494956
downloadadmin,gamarue,34,0.8106293656816429
downloadadmin,gamarue,35,0.819107956971448
downloadadmin,gamarue,36,0.827040754143942
downloadadmin,gamarue,37,0.8180144600998563
downloadadmin,gamarue,38,0.8257699491215694
downloadadmin,gamarue,39,0.8195428283914161
downloadadmin,gamarue,40,0.8272586148925674
downloadadmin,darkkomet,1,1.1041936524516918
downloadadmin,darkkomet,2,0.9388518933242073
downloadadmin,darkkomet,3,0.9290228008061016
downloadadmin,darkkomet,4,0.9257233242593231
downloadadmin,darkkomet,5,0.9497875485748355
downloadadmin,darkkomet,6,0.9358866007213116
downloadadmin,darkkomet,7,0.7708198452103493
downloadadmin,darkkomet,8,0.7932059389653945
downloadadmin,darkkomet,9,0.8074749144454033
downloadadmin,darkkomet,10,0.8259177519318369
downloadadmin,darkkomet,11,0.8107479112803495
downloadadmin,darkkomet,12,0.8288859477550838
downloadadmin,darkkomet,13,0.8451290144032777
downloadadmin,darkkomet,14,0.8601214730432075
downloadadmin,darkkomet,15,0.8763393097261409
downloadadmin,darkkomet,16,0.8909030256939203
downloadadmin,darkkomet,17,0.905363621656228
downloadadmin,darkkomet,18,0.8954071713864138
downloadadmin,darkkomet,19,0.9053928566560737
downloadadmin,darkkomet,20,0.8570260045881799
downloadadmin,delf,1,1.2000329483461019
downloadadmin,delf,2,1.2266395290437822
downloadadmin,delf,3,1.2377407651439225
downloadadmin,delf,4,1.2426416211476772
downloadadmin,delf,5,1.2455186825609057
downloadadmin,delf,6,1.244926711003834
downloadadmin,delf,7,1.092275315364473
downloadadmin,delf,8,1.1084200488775982
downloadadmin,delf,9,1.117836611384785
downloadadmin,delf,10,1.1307475912705334
downloadadmin,delf,11,1.1412999753648874
downloadadmin,delf,12,1.1483265503598994
downloadadmin,delf,13,1.1554329397432166
downloadadmin,delf,14,1.1620722976867806
downloadadmin,delf,15,1.1683271884304265
downloadadmin,delf,16,1.172610777842661
downloadadmin,delf,17,1.1776080252567909
downloadadmin,delf,18,1.1818378890556858
downloadadmin,delf,19,1.1854160170550005
downloadadmin,delf,20,1.1350709815008686
downloadadmin,gamehack,1,1.2215271260221952
downloadadmin,gamehack,2,0.9503799157349003
downloadadmin,gamehack,3,0.9845993453852524
downloadadmin,gamehack,4,1.026190781395665
downloadadmin,gamehack,5,1.0544892034157511
downloadadmin,gamehack,6,1.0768159668009472
downloadadmin,gamehack,7,0.9373023127530973
downloadadmin,gamehack,8,0.9692448251972252
downloadadmin,gamehack,9,0.9889560311192365
downloadadmin,gamehack,10,1.011105862639221
downloadadmin,gamehack,11,1.026847483758944
downloadadmin,gamehack,12,1.0439195946919924
downloadadmin,fareit,1,1.260976816936
downloadadmin,fareit,2,1.2606197042363734
downloadadmin,fareit,3,1.2604679998289412
downloadadmin,fareit,4,1.2591847691346192
downloadadmin,fareit,5,1.258190438824577
downloadadmin,fareit,6,1.2560809264090784
downloadadmin,fareit,7,1.101435014814908
downloadadmin,fareit,8,1.1136082272868915
downloadadmin,fareit,9,1.1279875913368012
downloadadmin,fareit,10,1.1398490010597606
downloadadmin,fareit,11,1.1496206190195541
downloadadmin,fareit,12,1.1579024002838803
downloadadmin,fareit,13,1.164778925914757
downloadadmin,fareit,14,1.170706902947858
downloadadmin,fareit,15,1.0990573368854362
downloadadmin,fareit,16,1.1078796577798475
downloadadmin,fareit,17,1.1163735514437951
downloadadmin,fareit,18,1.1239160517910165
downloadadmin,fareit,19,1.1307684560051898
downloadadmin,fareit,20,1.0832814200909981
downloadadmin,fareit,21,1.0908820761058586
gamarue,benign,1,1.210065706111661
gamarue,benign,2,0.8881811092141044
gamarue,benign,3,0.6528446111365626
gamarue,benign,4,0.5257115402913672
gamarue,benign,5,0.5856349826271907
gamarue,benign,6,0.6353217033342883
gamarue,benign,7,0.6044012050883867
gamarue,benign,8,0.5575714137084435
gamarue,benign,9,0.5656540541090695
gamarue,benign,10,0.5558717193399586
gamarue,benign,11,0.5955679199197708
gamarue,benign,12,0.6324922054756363
gamarue,benign,13,0.6651491229480322
gamarue,benign,14,0.6555084506946294
gamarue,benign,15,0.6754003902642296
gamarue,benign,16,0.6277337788884122
gamarue,benign,17,0.6029222714084763
gamarue,benign,18,0.5618007480394197
gamarue,benign,19,0.5448773744041359
gamarue,benign,20,0.5658390561019533
gamarue,benign,21,0.5860257484124828
gamarue,benign,22,0.575657400333109
gamarue,benign,23,0.5680303367332427
gamarue,benign,24,0.5558704527213125
gamarue,benign,25,0.5513089664306685
gamarue,benign,26,0.5277821830422224
gamarue,benign,27,0.5437276582494093
gamarue,benign,28,0.5412872185064587
gamarue,benign,29,0.5255016252395657
gamarue,benign,30,0.5218208035497346
gamarue,benign,31,0.5339004881659072
gamarue,benign,32,0.5446935858227255
gamarue,benign,33,0.5437031205050379
gamarue,benign,34,0.5439063632346698
gamarue,benign,35,0.5549913142893531
gamarue,benign,36,0.5655583748816315
gamarue,benign,37,0.5472884822731723
gamarue,benign,38,0.5448773945818627
gamarue,benign,39,0.5405515701351205
gamarue,benign,40,0.5418071922660125
gamarue,gandcrab,1,1.2269395439742807
gamarue,gandcrab,2,1.233306553432997
gamarue,gandcrab,3,0.9520383472788871
gamarue,gandcrab,4,0.862889381648405
gamarue,gandcrab,5,0.9030759515551391
gamarue,gandcrab,6,0.9266199386763505
gamarue,gandcrab,7,0.8718698160493781
gamarue,gandcrab,8,0.9004403379015674
gamarue,gandcrab,9,0.9249648275587354
gamarue,gandcrab,10,0.8931183191575722
gamarue,gandcrab,11,0.9127162946325266
gamarue,gandcrab,12,0.9311689793134144
gamarue,gandcrab,13,0.9478938580781675
gamarue,gandcrab,14,0.9227017310401279
gamarue,gandcrab,15,0.9358826182797142
gamarue,gandcrab,16,0.9182061167819924
gamarue,gandcrab,17,0.9294105207137585
gamarue,gandcrab,18,0.9157222894848753
gamarue,gandcrab,19,0.9160914594846347
gamarue,gandcrab,20,0.9255322148330042
gamarue,gandcrab,21,0.9347004904013203
gamarue,gandcrab,22,0.9426192061229954
gamarue,gandcrab,23,0.9509259174816573
gamarue,gandcrab,24,0.9302136908195051
gamarue,gandcrab,25,0.9384988806108744
gamarue,gandcrab,26,0.9244735070547684
gamarue,gandcrab,27,0.9321260219884503
gamarue,gandcrab,28,0.9217552860446699
gamarue,gandcrab,29,0.9135976017457824
gamarue,gandcrab,30,0.9195686582631435
gamarue,gandcrab,31,0.9248362046632512
gamarue,gandcrab,32,0.9305183719549383
gamarue,gandcrab,33,0.9365347378009877
gamarue,gandcrab,34,0.9419307976346112
gamarue,gandcrab,35,0.9471405655711832
gamarue,gandcrab,36,0.9516304627044478
gamarue,gandcrab,37,0.9395165353772009
gamarue,gandcrab,38,0.9444527038320596
gamarue,gandcrab,39,0.935402830871355
gamarue,gandcrab,40,0.9406291665091286
gamarue,downloadguide,1,1.22687788588608
gamarue,downloadguide,2,1.2330838817585976
gamarue,downloadguide,3,0.9522320290385997
gamarue,downloadguide,4,0.8630875745321638
gamarue,downloadguide,5,0.9024760676527179
gamarue,downloadguide,6,0.9263879977822613
gamarue,downloadguide,7,0.8730581963614301
gamarue,downloadguide,8,0.9002631443029736
gamarue,downloadguide,9,0.924772802850698
gamarue,downloadguide,10,0.8918075300295152
gamarue,downloadguide,11,0.9117172747616547
gamarue,downloadguide,12,0.9291995180379254
gamarue,downloadguide,13,0.9460696462999252
gamarue,downloadguide,14,0.920588448336151
gamarue,downloadguide,15,0.9331727433816065
gamarue,downloadguide,16,0.9156079763898657
gamarue,downloadguide,17,0.9270622468676326
gamarue,downloadguide,18,0.9126858018421955
gamarue,downloadguide,19,0.9131573409206782
gamarue,downloadguide,20,0.9227286104863243
gamarue,downloadguide,21,0.9315782938845977
gamarue,downloadguide,22,0.9392143164618827
gamarue,downloadguide,23,0.9476373568219796
gamarue,downloadguide,24,0.9266420017786452
gamarue,downloadguide,25,0.9351321348169377
gamarue,downloadguide,26,0.9211608800089696
gamarue,downloadguide,27,0.9288960675936513
gamarue,downloadguide,28,0.918658385402496
gamarue,downloadguide,29,0.9106108054959832
gamarue,downloadguide,30,0.916632875746363
gamarue,downloadguide,31,0.9219374197824918
gamarue,downloadguide,32,0.9273096698090266
gamarue,downloadguide,33,0.933421617166282
gamarue,downloadguide,34,0.938854648787582
gamarue,downloadguide,35,0.9441796872678144
gamarue,downloadguide,36,0.9490954668442592
gamarue,downloadguide,37,0.9368595726366051
gamarue,downloadguide,38,0.9418824914104139
gamarue,firseria,1,1.225677151770434
gamarue,firseria,2,1.2318530505434935
gamarue,firseria,3,0.9487347098309673
gamarue,firseria,4,0.8602664392348846
gamarue,firseria,5,0.900635694021825
gamarue,firseria,6,0.9247719226649944
gamarue,firseria,7,0.8714116207982993
gamarue,firseria,8,0.8988103915909876
gamarue,firseria,9,0.9233629287285149
gamarue,firseria,10,0.8911939475287193
gamarue,firseria,11,0.9101214278574349
gamarue,firseria,12,0.9287172648897197
gamarue,firseria,13,0.9454810468050526
gamarue,firseria,14,0.9205959607944696
gamarue,firseria,15,0.9339085848656126
gamarue,firseria,16,0.9151996574578414
gamarue,firseria,17,0.9257007557362581
gamarue,firseria,18,0.9121468834184256
gamarue,firseria,19,0.9121241446841852
gamarue,firseria,20,0.9216681427350546
gamarue,firseria,21,0.9309504858356612
gamarue,firseria,22,0.9389784627338127
gamarue,firseria,23,0.9473949170419231
gamarue,firseria,24,0.9267722552486516
gamarue,firseria,25,0.9351707859329934
gamarue,firseria,26,0.9211809619573722
gamarue,firseria,27,0.9289161702144945
gamarue,firseria,28,0.8593126797954144
gamarue,firseria,29,0.8534374332309428
gamarue,firseria,30,0.8606175183399122
gamarue,firseria,31,0.8678000630701297
gamarue,firseria,32,0.8750101947548745
gamarue,firseria,33,0.8825070757111321
gamarue,firseria,34,0.8893035545770538
gamarue,firseria,35,0.8957706533124644
gamarue,firseria,36,0.9018766347228105
gamarue,firseria,37,0.8913422089838633
gamarue,firseria,38,0.8974186349609385
gamarue,firseria,39,0.889725466456009
gamarue,firseria,40,0.8959610083770759
gamarue,emotet,1,1.201534062655114
gamarue,emotet,2,1.2176226514970718
gamarue,emotet,3,0.9317432461889262
gamarue,emotet,4,0.8335883943331961
gamarue,emotet,5,0.8650553274899963
gamarue,emotet,6,0.8849384545509978
gamarue,emotet,7,0.8344136129181745
gamarue,emotet,8,0.8602096110206865
gamarue,emotet,9,0.8890377921394633
gamarue,emotet,10,0.8534536598833002
gamarue,emotet,11,0.8763921106849898
gamarue,emotet,12,0.8979328856152511
gamarue,emotet,13,0.9165629715220923
gamarue,emotet,14,0.890450766912167
gamarue,emotet,15,0.9032158709094615
gamarue,emotet,16,0.8850847606902243
gamarue,emotet,17,0.8978977476985888
gamarue,emotet,18,0.8827607817955897
gamarue,emotet,19,0.8838101056876009
gamarue,emotet,20,0.8925342315771571
gamarue,emotet,21,0.9028357209164308
gamarue,emotet,22,0.9103010732248548
gamarue,emotet,23,0.8671404913125618
gamarue,emotet,24,0.8473087958371107
gamarue,emotet,25,0.8586820667043653
gamarue,emotet,26,0.8469478189139668
gamarue,emotet,27,0.8572349978353965
gamarue,emotet,28,0.8472827786149293
gamarue,emotet,29,0.8345238778692737
gamarue,emotet,30,0.8419654261078656
gamarue,emotet,31,0.8486835585356616
gamarue,emotet,32,0.8562087929393627
gamarue,emotet,33,0.863876083938987
gamarue,emotet,34,0.8670085743445651
gamarue,emotet,35,0.8739691862323747
gamarue,emotet,36,0.8783493608805655
gamarue,emotet,37,0.8619691425898748
gamarue,emotet,38,0.8686996407071454
gamarue,emotet,39,0.8606535570046874
gamarue,emotet,40,0.8670052472084515
gamarue,driverpack,1,1.224036430702566
gamarue,driverpack,2,1.2304969116564537
gamarue,driverpack,3,0.9493709645618196
gamarue,driverpack,4,0.8605477656127677
gamarue,driverpack,5,0.9005555000153551
gamarue,driverpack,6,0.9244846917078421
gamarue,driverpack,7,0.8709972602367787
gamarue,driverpack,8,0.8994049284256362
gamarue,driverpack,9,0.9237308656987118
gamarue,driverpack,10,0.8910779154004187
gamarue,driverpack,11,0.9108133413233885
gamarue,driverpack,12,0.929186955398511
gamarue,driverpack,13,0.9458934403447224
gamarue,driverpack,14,0.9208951778142294
gamarue,domaiq,1,1.2250134960574934
gamarue,domaiq,2,1.2242568480615992
gamarue,domaiq,3,0.9402648862703444
gamarue,domaiq,4,0.8542643676201105
gamarue,domaiq,5,0.8937568751444642
gamarue,domaiq,6,0.9165045511912522
gamarue,domaiq,7,0.8637122410860749
gamarue,domaiq,8,0.8929469715302449
gamarue,domaiq,9,0.9163883184232821
gamarue,domaiq,10,0.8838235137820569
gamarue,domaiq,11,0.9042924871016119
gamarue,domaiq,12,0.9232956050868444
gamarue,domaiq,13,0.9391263695142639
gamarue,domaiq,14,0.9138667870066818
gamarue,hotbar,1,1.2257965850275583
gamarue,hotbar,2,1.2322491918710852
gamarue,hotbar,3,0.9514729632124351
gamarue,hotbar,4,0.8625432859233529
gamarue,hotbar,5,0.9026313470886216
gamarue,hotbar,6,0.9265797731346052
gamarue,hotbar,7,0.8729905650891977
gamarue,hotbar,8,0.9012930598493576
gamarue,hotbar,9,0.9256394759985794
gamarue,hotbar,10,0.8936172164688335
gamarue,hotbar,11,0.9132939378209816
gamarue,hotbar,12,0.9314387003369725
gamarue,hotbar,13,0.948092368031671
gamarue,hotbar,14,0.9230571731660935
gamarue,hotbar,15,0.9362383744558395
gamarue,hotbar,16,0.918465690992619
gamarue,hotbar,17,0.9297179454349278
gamarue,hotbar,18,0.9159769636106625
gamarue,hotbar,19,0.9163129779129519
gamarue,hotbar,20,0.9257146612886263
gamarue,hotbar,21,0.9348277792409364
gamarue,hotbar,22,0.9426855896832493
gamarue,hotbar,23,0.9509511434432492
gamarue,hotbar,24,0.9303038595251942
gamarue,hotbar,25,0.9385969613585999
gamarue,hotbar,26,0.9245116618875776
gamarue,hotbar,27,0.9321385659035264
gamarue,multiplug,1,1.216230150368524
gamarue,multiplug,2,1.223065680273422
gamarue,multiplug,3,0.9427976506792188
gamarue,multiplug,4,0.8556240297040915
gamarue,multiplug,5,0.8968889539059022
gamarue,multiplug,6,0.9215587510322111
gamarue,multiplug,7,0.8679728970492682
gamarue,multiplug,8,0.8969122924982532
gamarue,multiplug,9,0.9213415794856
gamarue,multiplug,10,0.8892723293046394
gamarue,multiplug,11,0.9090752221521587
gamarue,multiplug,12,0.927770018926149
gamarue,multiplug,13,0.9444835342703477
gamarue,multiplug,14,0.9196550161989875
gamarue,multiplug,15,0.9328672011249352
gamarue,multiplug,16,0.9151511245677484
gamarue,multiplug,17,0.9264182004379373
gamarue,multiplug,18,0.9127630017796808
gamarue,multiplug,19,0.9126291342973936
gamarue,multiplug,20,0.9220791840609792
gamarue,multiplug,21,0.9304688249500247
gamarue,multiplug,22,0.9385456793669213
gamarue,multiplug,23,0.9469819135764016
gamarue,multiplug,24,0.9261871884447684
gamarue,multiplug,25,0.9344574561779275
gamarue,multiplug,26,0.9203589002563307
gamarue,multiplug,27,0.9279890838098928
gamarue,multiplug,28,0.9176408045000551
gamarue,multiplug,29,0.9096097944746726
gamarue,multiplug,30,0.9155302319548627
gamarue,multiplug,31,0.921075922538581
gamarue,multiplug,32,0.926561031038275
gamarue,multiplug,33,0.9326652839966867
gamarue,multiplug,34,0.9374748146265189
gamarue,multiplug,35,0.942789729911827
gamarue,dlhelper,1,1.226753261798381
gamarue,dlhelper,2,1.2269615442520574
gamarue,dlhelper,3,0.9477445166661238
gamarue,dlhelper,4,0.8599854366480433
gamarue,dlhelper,5,0.8997701541408288
gamarue,downloadadmin,1,1.2259405786788973
gamarue,downloadadmin,2,1.2325119798561301
gamarue,downloadadmin,3,0.9511152073850995
gamarue,downloadadmin,4,0.8622481185602261
gamarue,downloadadmin,5,0.9023880966596703
gamarue,downloadadmin,6,0.9263547665298422
gamarue,downloadadmin,7,0.7180378969621227
gamarue,downloadadmin,8,0.7629760776125136
gamarue,downloadadmin,9,0.8007578958410682
gamarue,downloadadmin,10,0.779865553757709
gamarue,downloadadmin,11,0.8088346656633405
gamarue,downloadadmin,12,0.8350991183406121
gamarue,downloadadmin,13,0.8585399900249826
gamarue,downloadadmin,14,0.839434438487206
gamarue,downloadadmin,15,0.8577849665164455
gamarue,downloadadmin,16,0.8439613458625022
gamarue,downloadadmin,17,0.8593202495221784
gamarue,downloadadmin,18,0.8492655851935856
gamarue,downloadadmin,19,0.8528790394726998
gamarue,downloadadmin,20,0.8116283435938656
gamarue,downloadadmin,21,0.8256189145044542
gamarue,downloadadmin,22,0.837954769482857
gamarue,downloadadmin,23,0.8503441706340062
gamarue,downloadadmin,24,0.7917344218269015
gamarue,downloadadmin,25,0.8048241304538143
gamarue,downloadadmin,26,0.7952164306028964
gamarue,downloadadmin,27,0.807026933582934
gamarue,downloadadmin,28,0.8005927007184013
gamarue,downloadadmin,29,0.796122210222708
gamarue,downloadadmin,30,0.8055548511710697
gamarue,downloadadmin,31,0.8143323047208475
gamarue,downloadadmin,32,0.8230839922879674
gamarue,downloadadmin,33,0.8018307514494956
gamarue,downloadadmin,34,0.8106293656816429
gamarue,downloadadmin,35,0.819107956971448
gamarue,downloadadmin,36,0.827040754143942
gamarue,downloadadmin,37,0.8180144600998563
gamarue,downloadadmin,38,0.8257699491215693
gamarue,downloadadmin,39,0.8195428283914161
gamarue,downloadadmin,40,0.8272586148925674
gamarue,darkkomet,1,1.0600688732648178
gamarue,darkkomet,2,0.9034013691046104
gamarue,darkkomet,3,0.587655483058632
gamarue,darkkomet,4,0.507151529783771
gamarue,darkkomet,5,0.5763807878220587
gamarue,darkkomet,6,0.5837326133494911
gamarue,darkkomet,7,0.5146496305130985
gamarue,darkkomet,8,0.5485786517158044
gamarue,darkkomet,9,0.5770350057563813
gamarue,darkkomet,10,0.5557464801228009
gamarue,darkkomet,11,0.5506139178606211
gamarue,darkkomet,12,0.5811188002268978
gamarue,darkkomet,13,0.6085197019754376
gamarue,darkkomet,14,0.5937001550730526
gamarue,darkkomet,15,0.6188961053607489
gamarue,darkkomet,16,0.6129437240804745
gamarue,darkkomet,17,0.6353319407085543
gamarue,darkkomet,18,0.6064399729209561
gamarue,darkkomet,19,0.6120832953646098
gamarue,darkkomet,20,0.6239763434633123
gamarue,delf,1,1.1606849636739427
gamarue,delf,2,1.1954936230359068
gamarue,delf,3,0.923036597103304
gamarue,delf,4,0.8405173086236013
gamarue,delf,5,0.8840505028902097
gamarue,delf,6,0.9071040976458984
gamarue,delf,7,0.8552285926383837
gamarue,delf,8,0.8833362760108655
gamarue,delf,9,0.9032487334216119
gamarue,delf,10,0.8735704493801428
gamarue,delf,11,0.894794073658325
gamarue,delf,12,0.9122750904180937
gamarue,delf,13,0.9293215587539643
gamarue,delf,14,0.9051946661096645
gamarue,delf,15,0.9195711039459726
gamarue,delf,16,0.9022433864538988
gamarue,delf,17,0.9144882358468385
gamarue,delf,18,0.9013274611010084
gamarue,delf,19,0.9017919103073869
gamarue,delf,20,0.9115540427564812
gamarue,gamehack,1,1.1832251503302151
gamarue,gamehack,2,0.9186017677478535
gamarue,gamehack,3,0.6677628246359376
gamarue,gamehack,4,0.6224399836039973
gamarue,gamehack,5,0.6906371636254299
gamarue,gamehack,6,0.736268582678453
gamarue,gamehack,7,0.6955912017699556
gamarue,gamehack,8,0.7404196426499107
gamarue,gamehack,9,0.7707788234510564
gamarue,gamehack,10,0.7507184655537875
gamarue,gamehack,11,0.7769793399868952
gamarue,gamehack,12,0.8052360949159727
gamarue,fareit,1,1.2246050738981942
gamarue,fareit,2,1.2306999596902226
gamarue,fareit,3,0.9496170261434378
gamarue,fareit,4,0.8591179398534408
gamarue,fareit,5,0.8980769858394723
gamarue,fareit,6,0.9195602000468431
gamarue,fareit,7,0.8657851257635413
gamarue,fareit,8,0.889152560723233
gamarue,fareit,9,0.9147111734629659
gamarue,fareit,10,0.8837223788564861
gamarue,fareit,11,0.9039906157629781
gamarue,fareit,12,0.9228199451893688
gamarue,fareit,13,0.9395613516747815
gamarue,fareit,14,0.9145925760548578
gamarue,fareit,15,0.8492213222348513
gamarue,fareit,16,0.8366143435786678
gamarue,fareit,17,0.8524323530606265
gamarue,fareit,18,0.842651477604304
gamarue,fareit,19,0.8463459753308336
gamarue,fareit,20,0.8590619942229131
gamarue,fareit,21,0.8710479427281415
darkkomet,benign,1,1.08759342558241
darkkomet,benign,2,0.5839538455899896
darkkomet,benign,3,0.6296990483921203
darkkomet,benign,4,0.5880003227990458
darkkomet,benign,5,0.6327764066927983
darkkomet,benign,6,0.644542426391483
darkkomet,benign,7,0.658199780862236
darkkomet,benign,8,0.5875818827488811
darkkomet,benign,9,0.5722139895459465
darkkomet,benign,10,0.6018059155729052
darkkomet,benign,11,0.5955831599299429
darkkomet,benign,12,0.6245305503444013
darkkomet,benign,13,0.6500604260810556
darkkomet,benign,14,0.6744375221240145
darkkomet,benign,15,0.6923838622028005
darkkomet,benign,16,0.6732336009527644
darkkomet,benign,17,0.6477450722751783
darkkomet,benign,18,0.6052245049424715
darkkomet,benign,19,0.5951395412112214
darkkomet,benign,20,0.6086907648077649
darkkomet,gandcrab,1,1.104978289740845
darkkomet,gandcrab,2,0.939525568420009
darkkomet,gandcrab,3,0.9297630646346287
darkkomet,gandcrab,4,0.9262305539030713
darkkomet,gandcrab,5,0.9502510011516084
darkkomet,gandcrab,6,0.935869741847139
darkkomet,gandcrab,7,0.925583774958255
darkkomet,gandcrab,8,0.9315027737489745
darkkomet,gandcrab,9,0.9323947212156036
darkkomet,gandcrab,10,0.9398066310193356
darkkomet,gandcrab,11,0.9152144193113753
darkkomet,gandcrab,12,0.9254850951226543
darkkomet,gandcrab,13,0.9349638573975435
darkkomet,gandcrab,14,0.9438292298841372
darkkomet,gandcrab,15,0.9548355895367757
darkkomet,gandcrab,16,0.9655413393927821
darkkomet,gandcrab,17,0.9758116126751595
darkkomet,gandcrab,18,0.9622401544193118
darkkomet,gandcrab,19,0.9688835409318831
darkkomet,gandcrab,20,0.9712383419352449
darkkomet,downloadguide,1,1.1049113469941114
darkkomet,downloadguide,2,0.9392740168841887
darkkomet,downloadguide,3,0.9291242914005602
darkkomet,downloadguide,4,0.9258015006851394
darkkomet,downloadguide,5,0.9492232190479839
darkkomet,downloadguide,6,0.9352673949301494
darkkomet,downloadguide,7,0.9252242272698984
darkkomet,downloadguide,8,0.9299217000092306
darkkomet,downloadguide,9,0.93095838296569
darkkomet,downloadguide,10,0.9373530337392285
darkkomet,downloadguide,11,0.913130316538646
darkkomet,downloadguide,12,0.9224761183455543
darkkomet,downloadguide,13,0.9321795631608606
darkkomet,downloadguide,14,0.9407896078530407
darkkomet,downloadguide,15,0.9512395449306078
darkkomet,downloadguide,16,0.9621157941210037
darkkomet,downloadguide,17,0.9726967046278455
darkkomet,downloadguide,18,0.958370286585061
darkkomet,downloadguide,19,0.9651973535281099
darkkomet,downloadguide,20,0.967697417721139
darkkomet,firseria,1,1.1035194845599636
darkkomet,firseria,2,0.9378678842673152
darkkomet,firseria,3,0.9256406659469413
darkkomet,firseria,4,0.9229678894416874
darkkomet,firseria,5,0.9473858337181501
darkkomet,firseria,6,0.9336508828342356
darkkomet,firseria,7,0.9236679072178833
darkkomet,firseria,8,0.928527877633543
darkkomet,firseria,9,0.9295987145459013
darkkomet,firseria,10,0.9368108268209938
darkkomet,firseria,11,0.9115563997079369
darkkomet,firseria,12,0.9220538342085431
darkkomet,firseria,13,0.9316391038614118
darkkomet,firseria,14,0.9408699812750523
darkkomet,firseria,15,0.9520729908591629
darkkomet,firseria,16,0.9617652281145239
darkkomet,firseria,17,0.9713628871920096
darkkomet,firseria,18,0.9578776928751892
darkkomet,firseria,19,0.9642004543672048
darkkomet,firseria,20,0.9666600167436546
darkkomet,emotet,1,1.0753579212201605
darkkomet,emotet,2,0.9216172440880696
darkkomet,emotet,3,0.9085273372152597
darkkomet,emotet,4,0.8957838485707657
darkkomet,emotet,5,0.9114056863739467
darkkomet,emotet,6,0.8932870660249199
darkkomet,emotet,7,0.8877304586878587
darkkomet,emotet,8,0.8896837384891828
darkkomet,emotet,9,0.8951070060556359
darkkomet,emotet,10,0.8987979267628491
darkkomet,emotet,11,0.8767935118988387
darkkomet,emotet,12,0.8903261417560556
darkkomet,emotet,13,0.9018219629194155
darkkomet,emotet,14,0.9096774904268097
darkkomet,emotet,15,0.9204469762065872
darkkomet,emotet,16,0.9307528554901199
darkkomet,emotet,17,0.9428026977035754
darkkomet,emotet,18,0.9271115877048126
darkkomet,emotet,19,0.9349755224433509
darkkomet,emotet,20,0.9363933231291706
darkkomet,driverpack,1,1.1016305430649784
darkkomet,driverpack,2,0.9363272077610568
darkkomet,driverpack,3,0.9262379414173008
darkkomet,driverpack,4,0.9232168761657403
darkkomet,driverpack,5,0.9472941141814153
darkkomet,driverpack,6,0.9333517646588247
darkkomet,driverpack,7,0.9232396745743723
darkkomet,driverpack,8,0.9290996925007284
darkkomet,driverpack,9,0.9299463179030866
darkkomet,driverpack,10,0.936671649279219
darkkomet,driverpack,11,0.9122459245426344
darkkomet,driverpack,12,0.9225177567882856
darkkomet,driverpack,13,0.9320461429954532
darkkomet,driverpack,14,0.941162455770474
darkkomet,domaiq,1,1.1027570816424555
darkkomet,domaiq,2,0.9292183269556428
darkkomet,domaiq,3,0.9171355407766006
darkkomet,domaiq,4,0.9168928250345046
darkkomet,domaiq,5,0.9404904594115435
darkkomet,domaiq,6,0.9253586262018358
darkkomet,domaiq,7,0.9163601387072573
darkkomet,domaiq,8,0.9227711879171367
darkkomet,domaiq,9,0.922716719459035
darkkomet,domaiq,10,0.9295167711275484
darkkomet,domaiq,11,0.9056630742121322
darkkomet,domaiq,12,0.9165668047978501
darkkomet,domaiq,13,0.9251793639798015
darkkomet,domaiq,14,0.9339942957506885
darkkomet,hotbar,1,1.1036807924558225
darkkomet,hotbar,2,0.9383353549564216
darkkomet,hotbar,3,0.928555552465901
darkkomet,hotbar,4,0.9253917372515852
darkkomet,hotbar,5,0.9494997365284157
darkkomet,hotbar,6,0.9355760355788444
darkkomet,hotbar,7,0.9253104773128514
darkkomet,hotbar,8,0.9311243352690952
darkkomet,hotbar,9,0.9319758451054404
darkkomet,hotbar,10,0.9393195968578586
darkkomet,hotbar,11,0.9148867678347793
darkkomet,hotbar,12,0.9249171297322014
darkkomet,hotbar,13,0.9343871053874165
darkkomet,hotbar,14,0.943467219250233
darkkomet,hotbar,15,0.9545238547136852
darkkomet,hotbar,16,0.9651727916153077
darkkomet,hotbar,17,0.9755298142731915
darkkomet,hotbar,18,0.9619307058244738
darkkomet,hotbar,19,0.9685888112479761
darkkomet,hotbar,20,0.9709262860651234
darkkomet,multiplug,1,1.0926014958638768
darkkomet,multiplug,2,0.9278249744109661
darkkomet,multiplug,3,0.9205765525952307
darkkomet,multiplug,4,0.918937924491398
darkkomet,multiplug,5,0.9441735437265786
darkkomet,multiplug,6,0.930925495540782
darkkomet,multiplug,7,0.9209972592702027
darkkomet,multiplug,8,0.9272178343140733
darkkomet,multiplug,9,0.9281002718193904
darkkomet,multiplug,10,0.9353539157506606
darkkomet,multiplug,11,0.9109202490315285
darkkomet,multiplug,12,0.9214812935660434
darkkomet,multiplug,13,0.9309823052996513
darkkomet,multiplug,14,0.9402418455705418
darkkomet,multiplug,15,0.9513200824160644
darkkomet,multiplug,16,0.9620129171164572
darkkomet,multiplug,17,0.9723781718866853
darkkomet,multiplug,18,0.9587909608807355
darkkomet,multiplug,19,0.9650252464852059
darkkomet,multiplug,20,0.9673765219859706
darkkomet,dlhelper,1,1.1047644563812873
darkkomet,dlhelper,2,0.9321109100208027
darkkomet,dlhelper,3,0.9243233561071744
darkkomet,dlhelper,4,0.9224717249997527
darkkomet,dlhelper,5,0.9463392966021628
darkkomet,downloadadmin,1,1.1041936524516918
darkkomet,downloadadmin,2,0.9388518933242073
darkkomet,downloadadmin,3,0.9290228008061016
darkkomet,downloadadmin,4,0.9257233242593231
darkkomet,downloadadmin,5,0.9497875485748354
darkkomet,downloadadmin,6,0.9358866007213116
darkkomet,downloadadmin,7,0.7708198452103493
darkkomet,downloadadmin,8,0.7932059389653945
darkkomet,downloadadmin,9,0.8074749144454033
darkkomet,downloadadmin,10,0.8259177519318369
darkkomet,downloadadmin,11,0.8107479112803494
darkkomet,downloadadmin,12,0.8288859477550838
darkkomet,downloadadmin,13,0.8451290144032777
darkkomet,downloadadmin,14,0.8601214730432075
darkkomet,downloadadmin,15,0.8763393097261409
darkkomet,downloadadmin,16,0.8909030256939203
darkkomet,downloadadmin,17,0.905363621656228
darkkomet,downloadadmin,18,0.895407171386414
darkkomet,downloadadmin,19,0.9053928566560737
darkkomet,downloadadmin,20,0.8570260045881798
darkkomet,gamarue,1,1.0600688732648178
darkkomet,gamarue,2,0.9034013691046104
darkkomet,gamarue,3,0.587655483058632
darkkomet,gamarue,4,0.5071515297837711
darkkomet,gamarue,5,0.5763807878220585
darkkomet,gamarue,6,0.5837326133494911
darkkomet,gamarue,7,0.5146496305130985
darkkomet,gamarue,8,0.5485786517158044
darkkomet,gamarue,9,0.5770350057563816
darkkomet,gamarue,10,0.5557464801228009
darkkomet,gamarue,11,0.5506139178606211
darkkomet,gamarue,12,0.5811188002268975
darkkomet,gamarue,13,0.6085197019754374
darkkomet,gamarue,14,0.5937001550730526
darkkomet,gamarue,15,0.6188961053607491
darkkomet,gamarue,16,0.6129437240804744
darkkomet,gamarue,17,0.6353319407085545
darkkomet,gamarue,18,0.6064399729209561
darkkomet,gamarue,19,0.6120832953646097
darkkomet,gamarue,20,0.6239763434633123
darkkomet,delf,1,1.0282615222664042
darkkomet,delf,2,0.8967612988352822
darkkomet,delf,3,0.8995987464217569
darkkomet,delf,4,0.9027968292772036
darkkomet,delf,5,0.9306126228016448
darkkomet,delf,6,0.915763745821593
darkkomet,delf,7,0.907936455314032
darkkomet,delf,8,0.9129661407565085
darkkomet,delf,9,0.9093859299908293
darkkomet,delf,10,0.9190917250666353
darkkomet,delf,11,0.8958057317204275
darkkomet,delf,12,0.905146669453521
darkkomet,delf,13,0.9150006333138233
darkkomet,delf,14,0.9249501122871279
darkkomet,delf,15,0.9372943104680075
darkkomet,delf,16,0.9484116611979114
darkkomet,delf,17,0.9598278849737133
darkkomet,delf,18,0.9462435541162051
darkkomet,delf,19,0.9532085759898935
darkkomet,delf,20,0.9558391105862287
darkkomet,gamehack,1,1.054382159131277
darkkomet,gamehack,2,0.6177790309511753
darkkomet,gamehack,3,0.6442612692772823
darkkomet,gamehack,4,0.684547571873108
darkkomet,gamehack,5,0.7370797895162636
darkkomet,gamehack,6,0.7448098168353692
darkkomet,gamehack,7,0.7493445175385518
darkkomet,gamehack,8,0.7700543330718091
darkkomet,gamehack,9,0.7768374109871297
darkkomet,gamehack,10,0.7961605880275926
darkkomet,gamehack,11,0.777221755004173
darkkomet,gamehack,12,0.7974394404877795
darkkomet,fareit,1,1.1022889287707756
darkkomet,fareit,2,0.9365470090292445
darkkomet,fareit,3,0.9265249538343908
darkkomet,fareit,4,0.9217841773040583
darkkomet,fareit,5,0.9448068783901643
darkkomet,fareit,6,0.9284085273877384
darkkomet,fareit,7,0.9182617624125806
darkkomet,fareit,8,0.9188743840161371
darkkomet,fareit,9,0.9209539783604268
darkkomet,fareit,10,0.9293420236296707
darkkomet,fareit,11,0.905288350264207
darkkomet,fareit,12,0.9160189855708694
darkkomet,fareit,13,0.9255707059233693
darkkomet,fareit,14,0.9346900301757821
darkkomet,fareit,15,0.8653621598632588
darkkomet,fareit,16,0.8813639480544111
darkkomet,fareit,17,0.8964937967311054
darkkomet,fareit,18,0.8865310864862067
darkkomet,fareit,19,0.8967302378749402
darkkomet,fareit,20,0.9019006502486171
delf,benign,1,1.18521778707538
delf,benign,2,0.8825619596803613
delf,benign,3,0.947555152833321
delf,benign,4,0.9106672277052634
delf,benign,5,0.9323766236871683
delf,benign,6,0.9571316974000589
delf,benign,7,0.9828489369635213
delf,benign,8,0.9112095647276989
delf,benign,9,0.8934873569219418
delf,benign,10,0.9155297464668217
delf,benign,11,0.9353968467416568
delf,benign,12,0.9518381365067138
delf,benign,13,0.9674127570830332
delf,benign,14,0.9827665598903125
delf,benign,15,0.9907762191064386
delf,benign,16,0.9605599377009126
delf,benign,17,0.9249756010554447
delf,benign,18,0.8985118019313493
delf,benign,19,0.882820386681737
delf,benign,20,0.8942092256123175
delf,gandcrab,1,1.2007415927053597
delf,gandcrab,2,1.2272353867373813
delf,gandcrab,3,1.2383717815905952
delf,gandcrab,4,1.2430863259455451
delf,gandcrab,5,1.2460067196264988
delf,gandcrab,6,1.2449583390729915
delf,gandcrab,7,1.2469610729497822
delf,gandcrab,8,1.246620426778789
delf,gandcrab,9,1.2426778946794883
delf,gandcrab,10,1.2445669071575987
delf,gandcrab,11,1.2457051340693992
delf,gandcrab,12,1.2448695275555177
delf,gandcrab,13,1.2452138808228994
delf,gandcrab,14,1.2457530656772446
delf,gandcrab,15,1.2468033881557747
delf,gandcrab,16,1.2471596304266077
delf,gandcrab,17,1.2479831786929125
delf,gandcrab,18,1.248561194966096
delf,gandcrab,19,1.2488065085724085
delf,gandcrab,20,1.2491405093558987
delf,downloadguide,1,1.2006801552595328
delf,downloadguide,2,1.2270137835117927
delf,downloadguide,3,1.237829292777465
delf,downloadguide,4,1.2427118711485126
delf,downloadguide,5,1.2450197105238567
delf,downloadguide,6,1.2443859706092857
delf,downloadguide,7,1.2466096400749933
delf,downloadguide,8,1.2452485847393944
delf,downloadguide,9,1.2414078724360011
delf,downloadguide,10,1.2423907663761984
delf,downloadguide,11,1.2438834804110424
delf,downloadguide,12,1.2422210556941597
delf,downloadguide,13,1.2427478376375616
delf,downloadguide,14,1.2430603736656396
delf,downloadguide,15,1.2436006867562637
delf,downloadguide,16,1.2440873078814725
delf,downloadguide,17,1.2451749613762555
delf,downloadguide,18,1.2451421006173296
delf,downloadguide,19,1.2455460054970628
delf,downloadguide,20,1.2460170907154922
delf,firseria,1,1.1994351190529635
delf,firseria,2,1.2257766781195425
delf,firseria,3,1.2348726070786593
delf,firseria,4,1.2402397469838742
delf,firseria,5,1.243394682878892
delf,firseria,6,1.242968560306272
delf,firseria,7,1.2452458376603563
delf,firseria,8,1.2440226398980445
delf,firseria,9,1.2401954280397196
delf,firseria,10,1.2418808980247196
delf,firseria,11,1.2424781283736737
delf,firseria,12,1.2418155618199105
delf,firseria,13,1.242239862812227
delf,firseria,14,1.2430989185143115
delf,firseria,15,1.244312097161802
delf,firseria,16,1.2437343062629689
delf,firseria,17,1.2439297107837888
delf,firseria,18,1.2446633137460703
delf,firseria,19,1.2446221720904975
delf,firseria,20,1.2450637459288565
delf,emotet,1,1.1745602131913098
delf,emotet,2,1.2115435000000416
delf,emotet,3,1.2203679216097303
delf,emotet,4,1.2164947891684206
delf,emotet,5,1.2113139465318223
delf,emotet,6,1.207436053174573
delf,emotet,7,1.213625284400426
delf,emotet,8,1.2104045367878518
delf,emotet,9,1.2098067660479308
delf,emotet,10,1.208100257139766
delf,emotet,11,1.2120223771492318
delf,emotet,12,1.2137430157419504
delf,emotet,13,1.2157035783075885
delf,emotet,14,1.215273432266299
delf,emotet,15,1.2159334661183072
delf,emotet,16,1.2157487593738814
delf,emotet,17,1.2180292178628236
delf,emotet,18,1.217258013232964
delf,emotet,19,1.218565964909535
delf,emotet,20,1.2181571021659352
delf,driverpack,1,1.1973493837487617
delf,driverpack,2,1.2241072054257063
delf,driverpack,3,1.235134074833518
delf,driverpack,4,1.2397698346610153
delf,driverpack,5,1.2425515299612315
delf,driverpack,6,1.2412805861971703
delf,driverpack,7,1.243612136129444
delf,driverpack,8,1.2434118899310482
delf,driverpack,9,1.235014031983527
delf,driverpack,10,1.236772881607913
delf,driverpack,11,1.238372178813813
delf,driverpack,12,1.2378218663493217
delf,driverpack,13,1.23846927387831
delf,driverpack,14,1.2392265189455003
delf,domaiq,1,1.1987240051987502
delf,domaiq,2,1.2181101505515963
delf,domaiq,3,1.2275977857645377
delf,domaiq,4,1.2348942172601283
delf,domaiq,5,1.237192050284579
delf,domaiq,6,1.235562667336966
delf,domaiq,7,1.2387185382863932
delf,domaiq,8,1.238921968869736
delf,domaiq,9,1.2340279579702589
delf,domaiq,10,1.2352883262579935
delf,domaiq,11,1.2372203603251513
delf,domaiq,12,1.2368778881714735
delf,domaiq,13,1.2364135686864488
delf,domaiq,14,1.2368914867959497
delf,hotbar,1,1.1995587067615783
delf,hotbar,2,1.2261820041456397
delf,hotbar,3,1.2373424799194481
delf,hotbar,4,1.2423567984990473
delf,hotbar,5,1.2452696993168533
delf,hotbar,6,1.244661410040743
delf,hotbar,7,1.2466893574166023
delf,hotbar,8,1.2462715758159697
delf,hotbar,9,1.2422909883113826
delf,hotbar,10,1.2441179556147366
delf,hotbar,11,1.2454056728421314
delf,hotbar,12,1.2443555563597468
delf,hotbar,13,1.2446910372054822
delf,hotbar,14,1.245422406438343
delf,hotbar,15,1.2465174621895603
delf,hotbar,16,1.2468212316008636
delf,hotbar,17,1.2477237051177892
delf,hotbar,18,1.2482833007931058
delf,hotbar,19,1.2485423080436222
delf,hotbar,20,1.2488630958584026
delf,multiplug,1,1.189663362332415
delf,multiplug,2,1.2169066199441305
delf,multiplug,3,1.2305340746903364
delf,multiplug,4,1.2366972383795185
delf,multiplug,5,1.2404966139172795
delf,multiplug,6,1.2405003803511498
delf,multiplug,7,1.242832599122089
delf,multiplug,8,1.242834469504646
delf,multiplug,9,1.238828350395397
delf,multiplug,10,1.2405413818381699
delf,multiplug,11,1.2418836546973169
delf,multiplug,12,1.2412766291107546
delf,multiplug,13,1.2416261768392305
delf,multiplug,14,1.242511722607179
delf,multiplug,15,1.2436124970517415
delf,multiplug,16,1.243939137874219
delf,multiplug,17,1.2448357654803366
delf,multiplug,18,1.2454623201751045
delf,multiplug,19,1.2453437270737764
delf,multiplug,20,1.2456878562456315
delf,dlhelper,1,1.2005437806937596
delf,dlhelper,2,1.220864248825967
delf,dlhelper,3,1.2339747669587555
delf,dlhelper,4,1.2399523553880578
delf,dlhelper,5,1.242583074303421
delf,downloadadmin,1,1.2000329483461019
delf,downloadadmin,2,1.2266395290437822
delf,downloadadmin,3,1.2377407651439225
delf,downloadadmin,4,1.2426416211476772
delf,downloadadmin,5,1.2455186825609057
delf,downloadadmin,6,1.244926711003834
delf,downloadadmin,7,1.092275315364473
delf,downloadadmin,8,1.1084200488775982
delf,downloadadmin,9,1.117836611384785
delf,downloadadmin,10,1.1307475912705334
delf,downloadadmin,11,1.1412999753648871
delf,downloadadmin,12,1.1483265503598994
delf,downloadadmin,13,1.1554329397432166
delf,downloadadmin,14,1.1620722976867808
delf,downloadadmin,15,1.1683271884304265
delf,downloadadmin,16,1.172610777842661
delf,downloadadmin,17,1.1776080252567906
delf,downloadadmin,18,1.1818378890556858
delf,downloadadmin,19,1.1854160170550005
delf,downloadadmin,20,1.1350709815008686
delf,gamarue,1,1.1606849636739427
delf,gamarue,2,1.1954936230359068
delf,gamarue,3,0.923036597103304
delf,gamarue,4,0.8405173086236013
delf,gamarue,5,0.8840505028902097
delf,gamarue,6,0.9071040976458985
delf,gamarue,7,0.8552285926383837
delf,gamarue,8,0.8833362760108655
delf,gamarue,9,0.9032487334216119
delf,gamarue,10,0.8735704493801428
delf,gamarue,11,0.8947940736583251
delf,gamarue,12,0.9122750904180937
delf,gamarue,13,0.9293215587539643
delf,gamarue,14,0.9051946661096641
delf,gamarue,15,0.9195711039459729
delf,gamarue,16,0.9022433864538988
delf,gamarue,17,0.9144882358468385
delf,gamarue,18,0.9013274611010085
delf,gamarue,19,0.9017919103073869
delf,gamarue,20,0.9115540427564812
delf,darkkomet,1,1.0282615222664042
delf,darkkomet,2,0.8967612988352822
delf,darkkomet,3,0.8995987464217569
delf,darkkomet,4,0.9027968292772036
delf,darkkomet,5,0.9306126228016447
delf,darkkomet,6,0.915763745821593
delf,darkkomet,7,0.907936455314032
delf,darkkomet,8,0.9129661407565086
delf,darkkomet,9,0.9093859299908293
delf,darkkomet,10,0.9190917250666351
delf,darkkomet,11,0.8958057317204275
delf,darkkomet,12,0.9051466694535208
delf,darkkomet,13,0.9150006333138233
delf,darkkomet,14,0.9249501122871279
delf,darkkomet,15,0.9372943104680075
delf,darkkomet,16,0.9484116611979115
delf,darkkomet,17,0.9598278849737133
delf,darkkomet,18,0.9462435541162051
delf,darkkomet,19,0.9532085759898935
delf,darkkomet,20,0.9558391105862287
delf,gamehack,1,1.1555517679593192
delf,gamehack,2,0.9123501750611491
delf,gamehack,3,0.9588610001404518
delf,gamehack,4,1.0056328346502161
delf,gamehack,5,1.0368020048651267
delf,gamehack,6,1.0584521165304999
delf,gamehack,7,1.075765361799886
delf,gamehack,8,1.0907597557036257
delf,gamehack,9,1.0927564216859218
delf,gamehack,10,1.1057974176166159
delf,gamehack,11,1.1135159900596987
delf,gamehack,12,1.1218200460820946
delf,fareit,1,1.198336370175214
delf,fareit,2,1.2246278853648918
delf,fareit,3,1.2356383348880178
delf,fareit,4,1.2392217720632246
delf,fareit,5,1.2410940321403725
delf,fareit,6,1.2383399109103745
delf,fareit,7,1.2404765246786038
delf,fareit,8,1.2356203249066726
delf,fareit,9,1.2325439117313213
delf,fareit,10,1.2351976194516723
delf,fareit,11,1.2369497155667992
delf,fareit,12,1.2364464377691524
delf,fareit,13,1.2368163117015922
delf,fareit,14,1.237565384642541
delf,fareit,15,1.1614867343338235
delf,fareit,16,1.1667051711883352
delf,fareit,17,1.1720163407554849
delf,fareit,18,1.1764405302427665
delf,fareit,19,1.1802537996100482
delf,fareit,20,1.1837412725062295
gamehack,benign,1,1.2070736175130155
gamehack,benign,2,0.6047736642325927
gamehack,benign,3,0.6936829105621605
gamehack,benign,4,0.693640468170315
gamehack,benign,5,0.7406097842260978
gamehack,benign,6,0.7883481025898972
gamehack,benign,7,0.8262819418182902
gamehack,benign,8,0.7696385732834934
gamehack,benign,9,0.7614684673553365
gamehack,benign,10,0.7930415316402516
gamehack,benign,11,0.8180592331711648
gamehack,benign,12,0.845090256313118
gamehack,gandcrab,1,1.2222092441158705
gamehack,gandcrab,2,0.9509558662199178
gamehack,gandcrab,3,0.9852179803740954
gamehack,gandcrab,4,1.0266254881737393
gamehack,gandcrab,5,1.0549738857439346
gamehack,gandcrab,6,1.076840884959653
gamehack,gandcrab,7,1.0920123610583639
gamehack,gandcrab,8,1.1074692381415454
gamehack,gandcrab,9,1.1138231089974902
gamehack,gandcrab,10,1.1249520533957944
gamehack,gandcrab,11,1.1312765102334734
gamehack,gandcrab,12,1.1404825924529143
gamehack,downloadguide,1,1.2221520092358964
gamehack,downloadguide,2,0.9507584500854969
gamehack,downloadguide,3,0.9846870007183604
gamehack,downloadguide,4,1.0262603552880094
gamehack,downloadguide,5,1.0539765484049899
gamehack,downloadguide,6,1.0762581354140255
gamehack,downloadguide,7,1.0916528314548377
gamehack,downloadguide,8,1.1060579629230884
gamehack,downloadguide,9,1.1125152431142675
gamehack,downloadguide,10,1.1227133944458996
gamehack,downloadguide,11,1.12939570414923
gamehack,downloadguide,12,1.1377625208018642
gamehack,firseria,1,1.2209345268781593
gamehack,firseria,2,0.9494825230829822
gamehack,firseria,3,0.9816632337668367
gamehack,firseria,4,1.0237299761077352
gamehack,firseria,5,1.0522909889965368
gamehack,firseria,6,1.0747877611203305
gamehack,firseria,7,1.0902272804709918
gamehack,firseria,8,1.1047704975874533
gamehack,firseria,9,1.111240385952006
gamehack,firseria,10,1.1221619004607302
gamehack,firseria,11,1.1279123392283954
gamehack,firseria,12,1.1373152927887826
gamehack,emotet,1,1.1967103312219207
gamehack,emotet,2,0.9349926093785468
gamehack,emotet,3,0.9669871667410928
gamehack,emotet,4,0.9996872997875221
gamehack,emotet,5,1.0195022883545015
gamehack,emotet,6,1.038425881400732
gamehack,emotet,7,1.0576543359078205
gamehack,emotet,8,1.070240886482623
gamehack,emotet,9,1.0800069036913529
gamehack,emotet,10,1.0874432909484515
gamehack,emotet,11,1.0965025101424104
gamehack,emotet,12,1.108511520099574
gamehack,driverpack,1,1.2192700897364324
gamehack,driverpack,2,0.9481038574066881
gamehack,driverpack,3,0.9821918218502248
gamehack,driverpack,4,1.0239640023853473
gamehack,driverpack,5,1.0521983017177352
gamehack,driverpack,6,1.0745088423981484
gamehack,driverpack,7,1.0897913711148866
gamehack,driverpack,8,1.105232547205616
gamehack,driverpack,9,1.1115169718095876
gamehack,driverpack,10,1.121963113819691
gamehack,driverpack,11,1.128462893399413
gamehack,driverpack,12,1.137669802760614
gamehack,domaiq,1,1.2202824596541257
gamehack,domaiq,2,0.9417353828735211
gamehack,domaiq,3,0.9743485369525398
gamehack,domaiq,4,1.018359765437742
gamehack,domaiq,5,1.0459896817154553
gamehack,domaiq,6,1.067278864767848
gamehack,domaiq,7,1.083563291675382
gamehack,domaiq,8,1.0996351451694717
gamehack,domaiq,9,1.1049936666278422
gamehack,domaiq,10,1.115470186544921
gamehack,domaiq,11,1.1225718300616987
gamehack,domaiq,12,1.132324323024626
gamehack,hotbar,1,1.2210858705225185
gamehack,hotbar,2,0.9499144319304195
gamehack,hotbar,3,0.984126732574069
gamehack,hotbar,4,1.025849869415394
gamehack,hotbar,5,1.054191934792144
gamehack,hotbar,6,1.076506998172962
gamehack,hotbar,7,1.0917052024384215
gamehack,hotbar,8,1.1070823256235751
gamehack,hotbar,9,1.1075168806257982
gamehack,hotbar,10,1.11917290746598
gamehack,hotbar,11,1.1261339273065554
gamehack,hotbar,12,1.1354932709590004
gamehack,multiplug,1,1.2114524130537934
gamehack,multiplug,2,0.940477105989338
gamehack,multiplug,3,0.977308476028851
gamehack,multiplug,4,1.0201770544998277
gamehack,multiplug,5,1.0493622277327366
gamehack,multiplug,6,1.0723256048077614
gamehack,multiplug,7,1.0877972379069725
gamehack,multiplug,8,1.1036141850763168
gamehack,multiplug,9,1.1098898511227828
gamehack,multiplug,10,1.120835461408371
gamehack,multiplug,11,1.1273519698664747
gamehack,multiplug,12,1.1368115336767768
gamehack,dlhelper,1,1.222038951382118
gamehack,dlhelper,2,0.9444998285868121
gamehack,dlhelper,3,0.9807847063653045
gamehack,dlhelper,4,1.0234662899452929
gamehack,dlhelper,5,1.0514883878393166
gamehack,downloadadmin,1,1.2215271260221952
gamehack,downloadadmin,2,0.9503799157349003
gamehack,downloadadmin,3,0.9845993453852524
gamehack,downloadadmin,4,1.026190781395665
gamehack,downloadadmin,5,1.0544892034157511
gamehack,downloadadmin,6,1.0768159668009474
gamehack,downloadadmin,7,0.9373023127530972
gamehack,downloadadmin,8,0.9692448251972253
gamehack,downloadadmin,9,0.9889560311192365
gamehack,downloadadmin,10,1.011105862639221
gamehack,downloadadmin,11,1.0268474837589443
gamehack,downloadadmin,12,1.0439195946919924
gamehack,gamarue,1,1.1832251503302151
gamehack,gamarue,2,0.9186017677478534
gamehack,gamarue,3,0.6677628246359376
gamehack,gamarue,4,0.6224399836039973
gamehack,gamarue,5,0.6906371636254299
gamehack,gamarue,6,0.7362685826784529
gamehack,gamarue,7,0.6955912017699553
gamehack,gamarue,8,0.7404196426499106
gamehack,gamarue,9,0.7707788234510564
gamehack,gamarue,10,0.7507184655537875
gamehack,gamarue,11,0.7769793399868953
gamehack,gamarue,12,0.8052360949159726
gamehack,darkkomet,1,1.054382159131277
gamehack,darkkomet,2,0.6177790309511753
gamehack,darkkomet,3,0.6442612692772823
gamehack,darkkomet,4,0.684547571873108
gamehack,darkkomet,5,0.7370797895162636
gamehack,darkkomet,6,0.7448098168353694
gamehack,darkkomet,7,0.7493445175385518
gamehack,darkkomet,8,0.7700543330718091
gamehack,darkkomet,9,0.7768374109871299
gamehack,darkkomet,10,0.7961605880275925
gamehack,darkkomet,11,0.777221755004173
gamehack,darkkomet,12,0.7974394404877795
gamehack,delf,1,1.1555517679593192
gamehack,delf,2,0.9123501750611491
gamehack,delf,3,0.9588610001404518
gamehack,delf,4,1.0056328346502161
gamehack,delf,5,1.0368020048651267
gamehack,delf,6,1.0584521165304999
gamehack,delf,7,1.075765361799886
gamehack,delf,8,1.0907597557036255
gamehack,delf,9,1.0927564216859218
gamehack,delf,10,1.1057974176166159
gamehack,delf,11,1.1135159900596987
gamehack,delf,12,1.1218200460820946
gamehack,fareit,1,1.219882478148926
gamehack,fareit,2,0.948329607123002
gamehack,fareit,3,0.9824674011164752
gamehack,fareit,4,1.0227216034338542
gamehack,fareit,5,1.0499584657697056
gamehack,fareit,6,1.0700658292643925
gamehack,fareit,7,1.0853249399044347
gamehack,fareit,8,1.096161291913835
gamehack,fareit,9,1.1033987091969788
gamehack,fareit,10,1.115314408601658
gamehack,fareit,11,1.122234631824131
gamehack,fareit,12,1.131828654627635
fareit,benign,1,1.2472824801401243
fareit,benign,2,0.9196280260451378
fareit,benign,3,0.9715941332296123
fareit,benign,4,0.927905617871623
fareit,benign,5,0.9455212034840137
fareit,benign,6,0.9687389973186823
fareit,benign,7,0.9923519681194066
fareit,benign,8,0.9167345485832714
fareit,benign,9,0.9046138084077897
fareit,benign,10,0.9254214024822769
fareit,benign,11,0.9444261584577313
fareit,benign,12,0.9621729452148919
fareit,benign,13,0.9774651338828308
fareit,benign,14,0.9920106355077903
fareit,benign,15,0.920808405444303
fareit,benign,16,0.895251860442385
fareit,benign,17,0.8632226872110416
fareit,benign,18,0.8400398572328435
fareit,benign,19,0.8276254620330052
fareit,benign,20,0.8419531745377463
fareit,benign,21,0.8553940548874829
fareit,gandcrab,1,1.261624350357256
fareit,gandcrab,2,1.2611883963212933
fareit,gandcrab,3,1.2610805115493333
fareit,gandcrab,4,1.2596198527813318
fareit,gandcrab,5,1.2586700366962305
fareit,gandcrab,6,1.2561263030949492
fareit,gandcrab,7,1.2561255476104543
fareit,gandcrab,8,1.2518222601377458
fareit,gandcrab,9,1.2528354694813078
fareit,gandcrab,10,1.2536744213517506
fareit,gandcrab,11,1.2540329557141816
fareit,gandcrab,12,1.2544505645565769
fareit,gandcrab,13,1.2545644293243012
fareit,gandcrab,14,1.2543943167391687
fareit,gandcrab,15,1.177554881995957
fareit,gandcrab,16,1.1824554507002984
fareit,gandcrab,17,1.1867728950928194
fareit,gandcrab,18,1.19066183950833
fareit,gandcrab,19,1.1941789199412802
fareit,gandcrab,20,1.1973713914455257
fareit,gandcrab,21,1.200137740561392
fareit,downloadguide,1,1.261569327129811
fareit,downloadguide,2,1.2609761323514683
fareit,downloadguide,3,1.2605522092022254
fareit,downloadguide,4,1.259252116669651
fareit,downloadguide,5,1.2576963898423417
fareit,downloadguide,6,1.255543876511987
fareit,downloadguide,7,1.255762237298871
fareit,downloadguide,8,1.2504392648858433
fareit,downloadguide,9,1.2515637246083064
fareit,downloadguide,10,1.251506186252942
fareit,downloadguide,11,1.2522151401896062
fareit,downloadguide,12,1.2518193429463556
fareit,downloadguide,13,1.252114000208342
fareit,downloadguide,14,1.2517182096677133
fareit,downloadguide,15,1.174301029965867
fareit,downloadguide,16,1.179338780647901
fareit,downloadguide,17,1.1839252946229124
fareit,downloadguide,18,1.1871997092392315
fareit,downloadguide,19,1.190880855480417
fareit,downloadguide,20,1.1942145533922566
fareit,downloadguide,21,1.196700500785417
fareit,firseria,1,1.2604226414491406
fareit,firseria,2,1.259790620960261
fareit,firseria,3,1.2576736207660577
fareit,firseria,4,1.2568272753992726
fareit,firseria,5,1.2560955404080671
fareit,firseria,6,1.2541475847034802
fareit,firseria,7,1.2544140588262036
fareit,firseria,8,1.249222351224261
fareit,firseria,9,1.2503675254921394
fareit,firseria,10,1.2510032987825817
fareit,firseria,11,1.2508245572321486
fareit,firseria,12,1.2514197426575409
fareit,firseria,13,1.2516129728038838
fareit,firseria,14,1.2517576364705536
fareit,firseria,15,1.175022376262679
fareit,firseria,16,1.1789828066974968
fareit,firseria,17,1.1826676199988304
fareit,firseria,18,1.1867171143381132
fareit,firseria,19,1.1899494839727343
fareit,firseria,20,1.1932541614449832
fareit,firseria,21,1.1961415077907125
fareit,emotet,1,1.237429144253193
fareit,emotet,2,1.2461166398413095
fareit,emotet,3,1.2435391807547254
fareit,emotet,4,1.2335059772282029
fareit,emotet,5,1.2244424075431253
fareit,emotet,6,1.2190348613057265
fareit,emotet,7,1.2230953532958677
fareit,emotet,8,1.2157683816465097
fareit,emotet,9,1.2203041116095539
fareit,emotet,10,1.2175432897727005
fareit,emotet,11,1.2206304031501012
fareit,emotet,12,1.2236320742569973
fareit,emotet,13,1.2253406652346965
fareit,emotet,14,1.2241873718887861
fareit,emotet,15,1.1462530508808304
fareit,emotet,16,1.1506525124086542
fareit,emotet,17,1.1564616568125698
fareit,emotet,18,1.1590122477647358
fareit,emotet,19,1.1636363813239294
fareit,emotet,20,1.1661050677985787
fareit,emotet,21,1.1698743776663814
fareit,driverpack,1,1.2588623451548882
fareit,driverpack,2,1.2584878964138624
fareit,driverpack,3,1.2581622266795711
fareit,driverpack,4,1.2570362019714634
fareit,driverpack,5,1.2559944924652462
fareit,driverpack,6,1.2538692219316054
fareit,driverpack,7,1.2540241463625503
fareit,driverpack,8,1.2497029398246817
fareit,driverpack,9,1.2506591211389906
fareit,driverpack,10,1.250867860835549
fareit,driverpack,11,1.2514142931405832
fareit,driverpack,12,1.2518168848527602
fareit,driverpack,13,1.2519625989364949
fareit,driverpack,14,1.2520076625573129
fareit,domaiq,1,1.2597956174358966
fareit,domaiq,2,1.252467701962964
fareit,domaiq,3,1.2506158593860819
fareit,domaiq,4,1.2516024431698798
fareit,domaiq,5,1.2500005561788032
fareit,domaiq,6,1.2468871858458233
fareit,domaiq,7,1.2479993664203621
fareit,domaiq,8,1.2442303870737894
fareit,domaiq,9,1.2443426884939963
fareit,domaiq,10,1.2445433573245115
fareit,domaiq,11,1.2456752652716572
fareit,domaiq,12,1.246590679129842
fareit,domaiq,13,1.2459001702476946
fareit,domaiq,14,1.2456591848863456
fareit,hotbar,1,1.260555903671022
fareit,hotbar,2,1.2601888666071883
fareit,hotbar,3,1.2600853987278602
fareit,hotbar,4,1.258908477136636
fareit,hotbar,5,1.2579464985064743
fareit,hotbar,6,1.2558189231129844
fareit,hotbar,7,1.2558422049864706
fareit,hotbar,8,1.2514566317049782
fareit,hotbar,9,1.252436449604386
fareit,hotbar,10,1.2532150555934893
fareit,hotbar,11,1.25372249064498
fareit,hotbar,12,1.253929634458353
fareit,hotbar,13,1.2540355300265773
fareit,hotbar,14,1.2540558745625634
fareit,hotbar,15,1.177250266780508
fareit,hotbar,16,1.1820991164205115
fareit,hotbar,17,1.1864972305570025
fareit,hotbar,18,1.1903684261207548
fareit,hotbar,19,1.1939003443962688
fareit,hotbar,20,1.1970802586771212
fareit,hotbar,21,1.1998165557788045
fareit,multiplug,1,1.2514141665553093
fareit,multiplug,2,1.2513280727685694
fareit,multiplug,3,1.2534840916496504
fareit,multiplug,4,1.253378370308067
fareit,multiplug,5,1.2532621858770383
fareit,multiplug,6,1.251762404310571
fareit,multiplug,7,1.2520718220624132
fareit,multiplug,8,1.2480857938387986
fareit,multiplug,9,1.2490563848255518
fareit,multiplug,10,1.2497141988945968
fareit,multiplug,11,1.2502691350889983
fareit,multiplug,12,1.2509174592621293
fareit,multiplug,13,1.2510345693468212
fareit,multiplug,14,1.2512029727725982
fareit,multiplug,15,1.1743386966392224
fareit,multiplug,16,1.179213642176912
fareit,multiplug,17,1.18360575867632
fareit,multiplug,18,1.1875452940386815
fareit,multiplug,19,1.1906981142293878
fareit,multiplug,20,1.1939031650476286
fareit,multiplug,21,1.1959436831467034
fareit,dlhelper,1,1.261463244446964
fareit,dlhelper,2,1.2550797272976786
fareit,dlhelper,3,1.2568037792577047
fareit,dlhelper,4,1.2565492354575296
fareit,dlhelper,5,1.2553009577306962
fareit,downloadadmin,1,1.260976816936
fareit,downloadadmin,2,1.2606197042363734
fareit,downloadadmin,3,1.2604679998289412
fareit,downloadadmin,4,1.2591847691346192
fareit,downloadadmin,5,1.258190438824577
fareit,downloadadmin,6,1.2560809264090782
fareit,downloadadmin,7,1.101435014814908
fareit,downloadadmin,8,1.1136082272868915
fareit,downloadadmin,9,1.1279875913368012
fareit,downloadadmin,10,1.1398490010597606
fareit,downloadadmin,11,1.1496206190195541
fareit,downloadadmin,12,1.1579024002838803
fareit,downloadadmin,13,1.164778925914757
fareit,downloadadmin,14,1.1707069029478583
fareit,downloadadmin,15,1.0990573368854364
fareit,downloadadmin,16,1.1078796577798475
fareit,downloadadmin,17,1.1163735514437951
fareit,downloadadmin,18,1.1239160517910165
fareit,downloadadmin,19,1.1307684560051898
fareit,downloadadmin,20,1.083281420090998
fareit,downloadadmin,21,1.0908820761058586
fareit,gamarue,1,1.2246050738981942
fareit,gamarue,2,1.2306999596902226
fareit,gamarue,3,0.9496170261434378
fareit,gamarue,4,0.8591179398534408
fareit,gamarue,5,0.8980769858394723
fareit,gamarue,6,0.919560200046843
fareit,gamarue,7,0.8657851257635414
fareit,gamarue,8,0.8891525607232331
fareit,gamarue,9,0.9147111734629659
fareit,gamarue,10,0.8837223788564861
fareit,gamarue,11,0.9039906157629783
fareit,gamarue,12,0.9228199451893688
fareit,gamarue,13,0.9395613516747815
fareit,gamarue,14,0.9145925760548578
fareit,gamarue,15,0.8492213222348513
fareit,gamarue,16,0.8366143435786678
fareit,gamarue,17,0.8524323530606265
fareit,gamarue,18,0.8426514776043041
fareit,gamarue,19,0.8463459753308336
fareit,gamarue,20,0.8590619942229133
fareit,gamarue,21,0.8710479427281415
fareit,darkkomet,1,1.1022889287707756
fareit,darkkomet,2,0.9365470090292445
fareit,darkkomet,3,0.9265249538343908
fareit,darkkomet,4,0.9217841773040583
fareit,darkkomet,5,0.9448068783901644
fareit,darkkomet,6,0.9284085273877385
fareit,darkkomet,7,0.9182617624125806
fareit,darkkomet,8,0.9188743840161371
fareit,darkkomet,9,0.9209539783604268
fareit,darkkomet,10,0.9293420236296707
fareit,darkkomet,11,0.9052883502642071
fareit,darkkomet,12,0.9160189855708694
fareit,darkkomet,13,0.9255707059233693
fareit,darkkomet,14,0.934690030175782
fareit,darkkomet,15,0.8653621598632587
fareit,darkkomet,16,0.8813639480544111
fareit,darkkomet,17,0.8964937967311054
fareit,darkkomet,18,0.8865310864862067
fareit,darkkomet,19,0.89673023787494
fareit,darkkomet,20,0.9019006502486171
fareit,delf,1,1.198336370175214
fareit,delf,2,1.2246278853648918
fareit,delf,3,1.2356383348880178
fareit,delf,4,1.2392217720632246
fareit,delf,5,1.2410940321403725
fareit,delf,6,1.2383399109103745
fareit,delf,7,1.2404765246786038
fareit,delf,8,1.2356203249066726
fareit,delf,9,1.2325439117313215
fareit,delf,10,1.2351976194516725
fareit,delf,11,1.2369497155667992
fareit,delf,12,1.2364464377691524
fareit,delf,13,1.2368163117015922
fareit,delf,14,1.237565384642541
fareit,delf,15,1.1614867343338235
fareit,delf,16,1.1667051711883352
fareit,delf,17,1.1720163407554849
fareit,delf,18,1.1764405302427665
fareit,delf,19,1.1802537996100482
fareit,delf,20,1.1837412725062295
fareit,gamehack,1,1.219882478148926
fareit,gamehack,2,0.948329607123002
fareit,gamehack,3,0.9824674011164752
fareit,gamehack,4,1.0227216034338542
fareit,gamehack,5,1.0499584657697056
fareit,gamehack,6,1.0700658292643923
fareit,gamehack,7,1.0853249399044347
fareit,gamehack,8,1.0961612919138353
fareit,gamehack,9,1.1033987091969788
fareit,gamehack,10,1.115314408601658
fareit,gamehack,11,1.122234631824131
fareit,gamehack,12,1.131828654627635
